,state_code,city,name,founded_at,closed_at,first_funding_at,last_funding_at,age_first_funding_year,age_last_funding_year,age_first_milestone_year,age_last_milestone_year,relationships,funding_rounds,funding_total_usd,milestones,is_CA,is_NY,is_MA,is_TX,is_otherstate,category_code,is_software,is_web,is_mobile,is_enterprise,is_advertising,is_gamesvideo,is_ecommerce,is_biotech,is_consulting,is_othercategory,has_VC,has_angel,has_roundA,has_roundB,has_roundC,has_roundD,avg_participants,is_top500,status
1,2,143,1,2007,#N/A,2009,2010,2,3,4,6,3,3,0.00771064,3,1,0,0,0,0,20,0,0,0,0,0,0,0,0,0,1,0,1,0,0,0,0,1,0,1
2,2,90,2,2000,#N/A,2005,2009,5,9,7,7,9,4,0.849208319,1,1,0,0,0,0,9,0,0,0,1,0,0,0,0,0,0,1,0,0,1,1,1,4,1,1
3,2,143,3,2009,#N/A,2010,2010,1,1,1,2,5,1,0.054842983,2,1,0,0,0,0,34,0,1,0,0,0,0,0,0,0,0,0,0,1,0,0,0,4,1,1
4,2,45,4,2002,#N/A,2005,2007,3,5,6,6,5,3,0.847090011,1,1,0,0,0,0,31,1,0,0,0,0,0,0,0,0,0,0,0,0,1,1,1,3,1,1
5,2,144,5,2010,2012,2010,2012,0,1,0,0,2,2,0.027304984,1,1,0,0,0,0,12,0,0,0,0,0,1,0,0,0,0,1,1,0,0,0,0,1,1,0
6,2,105,6,2002,2009,2006,2006,4,4,5,5,3,1,0.158640053,1,1,0,0,0,0,21,0,0,0,0,0,0,0,0,0,1,0,0,0,1,0,0,3,1,0
7,2,105,7,2005,#N/A,2006,2010,1,5,3,6,6,3,0.550526952,2,1,0,0,0,0,31,1,0,0,0,0,0,0,0,0,0,1,0,1,1,0,0,1,1,1
8,2,120,8,2005,#N/A,2007,2010,1,4,2,6,14,3,0.121569671,4,1,0,0,0,0,34,0,1,0,0,0,0,0,0,0,0,1,1,1,0,0,0,1,1,1
9,2,98,9,2006,2011,2007,2011,1,5,0,4,8,5,0.220070973,2,1,0,0,0,0,34,0,1,0,0,0,0,0,0,0,0,1,1,1,0,0,0,1,1,0
10,11,91,10,2004,2012,2008,2008,4,4,3,4,0,1,0.007181063,0,0,0,0,0,1,34,0,1,0,0,0,0,0,0,0,0,1,0,0,0,0,0,1,0,0
11,23,26,11,2007,#N/A,2007,2010,0,2,0,4,15,3,0.210538589,3,0,1,0,0,0,8,0,0,0,0,0,0,0,0,0,1,0,0,1,1,1,0,2,1,1
12,31,171,12,1999,2010,2005,2005,6,6,3,4,0,1,0.004003601,0,0,0,0,0,1,25,0,0,0,0,0,0,0,0,0,1,1,0,0,0,0,0,1,0,0
13,23,111,13,2010,#N/A,2010,2011,0,1,1,3,10,3,0.096679557,3,0,1,0,0,0,34,0,1,0,0,0,0,0,0,0,0,0,1,1,0,0,0,5,1,1
14,2,120,14,2007,2011,2009,2009,2,2,3,3,13,2,0.592893104,3,1,0,0,0,0,9,0,0,0,1,0,0,0,0,0,0,0,0,1,1,0,0,1,1,0
15,29,11,15,2001,#N/A,2003,2004,2,3,4,9,8,2,0.09201928,3,0,0,0,1,0,31,1,0,0,0,0,0,0,0,0,0,0,1,1,0,0,0,1,0,1
16,32,154,16,2004,2011,2007,2007,3,3,3,3,3,1,0.31751312,1,0,0,0,0,1,23,0,0,0,0,0,0,0,0,0,1,0,0,0,1,0,0,2,1,0
17,2,120,17,2002,2008,2007,2007,5,5,0,0,1,1,0.066917336,1,1,0,0,0,0,34,0,1,0,0,0,0,0,0,0,0,0,0,1,0,0,0,2,0,0
18,2,144,18,2008,2013,2007,2011,1,3,3,5,4,2,0.04848806,3,1,0,0,0,0,19,0,0,1,0,0,0,0,0,0,0,0,1,1,0,0,0,2,0,0
19,3,24,19,2007,2010,2007,2007,0,0,3,4,5,2,0.009405286,0,0,0,0,0,1,25,0,0,0,0,0,0,0,0,0,1,0,1,1,0,0,0,4,1,0
20,9,40,20,2002,#N/A,2006,2006,4,4,1,1,3,1,0.275146969,1,0,0,0,0,1,31,1,0,0,0,0,0,0,0,0,0,0,0,0,0,1,0,4,1,1
21,2,120,21,2003,#N/A,2007,2007,4,4,3,3,7,1,0.31751312,1,1,0,0,0,0,25,0,0,0,0,0,0,0,0,0,1,0,0,0,0,1,0,4,1,1
22,2,16,22,2008,#N/A,2012,2012,4,4,3,5,2,1,0.080262674,3,1,0,0,0,0,24,0,0,0,0,0,0,0,0,0,1,0,0,0,1,0,0,2,1,1
23,2,149,23,2005,#N/A,2006,2006,1,1,2,7,5,1,0.020950062,3,1,0,0,0,0,13,0,0,0,0,0,0,0,0,0,1,1,0,0,0,0,0,2,1,1
24,2,103,24,2007,2012,2008,2009,1,2,4,4,3,2,0.22218928,1,1,0,0,0,0,23,0,0,0,0,0,0,0,0,0,1,0,0,1,1,0,0,2,1,0
25,32,154,25,2001,#N/A,2005,2006,4,5,3,3,6,2,0.181941437,1,0,0,0,0,1,25,0,0,0,0,0,0,0,0,0,1,1,0,0,1,0,0,1,1,1
26,18,50,26,2006,2012,2006,2008,0,2,3,4,9,2,0.105682364,0,0,0,0,0,1,31,1,0,0,0,0,0,0,0,0,0,0,0,1,1,0,0,2,1,0
27,2,144,27,2011,#N/A,2011,2011,0,0,0,2,3,2,0.048593954,2,1,0,0,0,0,19,0,0,1,0,0,0,0,0,0,0,1,0,0,0,0,0,5,1,1
28,26,124,28,2009,2012,2009,2009,0,0,3,4,2,1,0.000296563,0,0,0,0,0,1,28,0,0,0,0,0,0,0,0,0,1,0,1,0,0,0,0,1,0,0
29,23,111,29,2004,2008,2007,2007,2,2,0,0,1,1,0.084499289,1,0,1,0,0,0,31,1,0,0,0,0,0,0,0,0,0,0,0,0,1,0,0,1,1,0
30,2,144,30,2007,2011,2007,2008,0,1,1,4,8,2,0.30903989,3,1,0,0,0,0,31,1,0,0,0,0,0,0,0,0,0,0,0,1,1,0,0,2,1,0
31,2,146,31,2005,2013,2006,2010,1,5,3,4,0,3,0.931822313,0,1,0,0,0,0,13,0,0,0,0,0,0,0,0,0,1,0,0,0,1,1,0,4,1,0
32,2,144,32,2008,#N/A,2008,2011,0,2,0,4,10,3,0.038382081,3,1,0,0,0,0,7,0,0,0,0,0,0,1,0,0,0,0,1,1,0,0,0,2,1,1
33,19,93,33,2011,#N/A,2011,2012,0,0,0,0,9,2,0.002414871,2,0,0,0,0,1,19,0,0,1,0,0,0,0,0,0,0,0,1,0,0,0,0,1,0,1
34,2,98,34,2008,2011,2008,2010,0,2,2,2,7,2,0.084499289,2,1,0,0,0,0,33,0,0,0,0,0,0,0,0,0,1,1,0,1,0,0,0,1,1,0
35,32,154,35,2004,#N/A,2007,2007,3,3,5,8,10,1,0.211597742,3,0,0,0,0,1,9,0,0,0,1,0,0,0,0,0,0,0,0,0,0,1,0,2,1,1
36,2,162,36,2003,#N/A,2005,2005,2,2,3,4,4,1,0.529343877,0,1,0,0,0,0,31,1,0,0,0,0,0,0,0,0,0,0,0,0,1,0,0,5,1,1
37,23,111,37,2009,#N/A,2010,2012,0,2,0,2,2,3,0.07920352,3,0,1,0,0,0,10,0,0,0,0,0,0,0,0,0,1,0,1,1,0,0,0,2,1,1
38,12,30,38,2009,#N/A,2010,2010,0,0,1,1,9,1,0.063316213,2,0,0,1,0,0,31,1,0,0,0,0,0,0,0,0,0,0,0,1,0,0,0,1,1,1
39,2,144,39,2010,#N/A,2010,2011,0,1,1,1,6,2,0.024233439,2,1,0,0,0,0,31,1,0,0,0,0,0,0,0,0,0,0,1,0,0,0,0,9,1,1
40,2,147,40,2002,#N/A,2005,2005,3,3,5,7,11,1,0.211597742,2,1,0,0,0,0,31,1,0,0,0,0,0,0,0,0,0,0,0,0,0,0,1,2,1,1
41,2,158,41,2006,#N/A,2008,2008,2,2,2,2,5,1,0.063316213,1,1,0,0,0,0,34,0,1,0,0,0,0,0,0,0,0,0,0,1,0,0,0,1,1,1
42,12,22,42,2009,#N/A,2010,2011,1,2,2,3,4,2,0.243372356,3,0,0,1,0,0,19,0,0,1,0,0,0,0,0,0,0,0,0,0,0,0,0,1,1,1
43,29,11,43,2004,#N/A,2005,2005,0,0,4,8,12,1,0.105682364,5,0,0,0,1,0,34,0,1,0,0,0,0,0,0,0,0,0,0,1,0,0,0,3,1,1
44,12,173,44,2000,#N/A,2005,2006,5,6,7,7,9,2,0.614076179,1,0,0,1,0,0,25,0,0,0,0,0,0,0,0,0,1,1,0,0,0,0,1,5,1,1
45,2,120,45,2004,2009,2005,2007,1,3,3,4,0,2,0.255023047,0,1,0,0,0,0,31,1,0,0,0,0,0,0,0,0,0,1,0,1,0,0,0,2,1,0
46,2,120,46,2006,#N/A,2008,2010,2,4,4,6,13,3,0.253963894,2,1,0,0,0,0,2,0,0,0,0,0,0,0,0,0,1,1,0,1,1,0,0,2,1,1
47,2,5,47,2005,#N/A,2009,2009,4,4,1,1,18,1,0.116273902,1,1,0,0,0,0,6,0,0,0,0,0,0,0,0,1,0,0,0,0,0,1,0,2,1,1
48,2,162,48,2007,#N/A,2009,2011,1,4,2,5,10,3,0.508160801,4,1,0,0,0,0,31,1,0,0,0,0,0,0,0,0,0,0,0,1,1,0,0,3,1,1
49,2,144,49,2005,2011,2008,2008,3,3,3,3,6,1,0.105682364,1,1,0,0,0,0,5,0,0,0,0,0,0,0,0,0,1,0,0,1,0,0,0,1,1,0
50,32,76,50,2001,#N/A,2005,2010,4,9,6,6,2,5,0.40043588,1,0,0,0,0,1,9,0,0,0,1,0,0,0,0,0,0,1,0,0,0,1,0,3,1,1
51,6,163,51,2001,2012,2007,2007,6,6,3,4,0,1,0.084499289,0,0,0,0,0,1,31,1,0,0,0,0,0,0,0,0,0,1,0,0,0,0,0,3,0,0
52,12,22,52,2008,#N/A,2010,2011,1,2,1,3,5,3,0.042787313,2,0,0,1,0,0,31,1,0,0,0,0,0,0,0,0,0,0,0,1,0,0,0,3,1,1
53,2,3,53,2006,#N/A,2008,2008,2,2,0,7,4,1,0.105682364,2,1,0,0,0,0,5,0,0,0,0,0,0,0,0,0,1,0,0,0,1,0,0,1,1,1
54,32,23,54,1999,2012,2001,2001,1,1,3,4,5,1,0.434020036,0,0,0,0,0,1,31,1,0,0,0,0,0,0,0,0,0,1,0,0,0,0,0,4,1,0
55,3,24,55,2006,#N/A,2010,2012,3,6,4,7,4,2,0.280442738,4,0,0,0,0,1,1,0,0,0,0,1,0,0,0,0,0,1,0,0,0,0,0,2,0,1
56,2,147,56,2000,#N/A,2007,2007,7,7,7,7,7,1,0.253963894,1,1,0,0,0,0,28,0,0,0,0,0,0,0,0,0,1,0,0,0,0,0,0,2,1,1
57,2,144,57,2005,#N/A,2007,2008,1,3,3,3,9,3,0.243153895,2,1,0,0,0,0,1,0,0,0,0,1,0,0,0,0,0,0,1,1,1,0,0,3,1,1
58,2,144,58,2008,#N/A,2008,2008,0,0,2,4,15,1,0.084499289,3,1,0,0,0,0,34,0,1,0,0,0,0,0,0,0,0,0,0,1,0,0,0,3,1,1
59,2,162,59,2012,#N/A,2012,2012,0,0,0,0,3,1,0.007286978,1,1,0,0,0,0,31,1,0,0,0,0,0,0,0,0,0,0,1,0,0,0,0,1,0,1
60,6,163,60,2006,#N/A,2006,2006,0,0,2,5,10,2,0.002266589,3,0,0,0,0,1,34,0,1,0,0,0,0,0,0,0,0,0,1,0,0,0,0,1,1,1
61,29,46,61,2007,2008,2008,2008,1,1,3,4,1,1,0.063316213,0,0,0,0,1,0,31,1,0,0,0,0,0,0,0,0,0,0,0,1,0,0,0,1,1,0
62,2,61,62,2003,2008,2005,2007,2,4,1,1,2,2,0.417073576,1,1,0,0,0,0,31,1,0,0,0,0,0,0,0,0,0,1,0,0,1,0,0,4,1,0
63,23,111,63,2006,#N/A,2006,2009,0,3,2,5,10,3,0.364115887,5,0,1,0,0,0,12,0,0,0,0,0,1,0,0,0,0,0,0,1,1,1,0,2,1,1
64,2,144,64,2010,#N/A,2010,2012,0,2,2,3,11,4,0.391653885,3,1,0,0,0,0,19,0,0,1,0,0,0,0,0,0,0,0,1,1,1,0,0,2,1,1
65,20,129,65,2008,2012,2010,2010,2,2,3,4,2,1,0.253963894,0,0,0,0,0,1,5,0,0,0,0,0,0,0,0,0,1,0,0,1,0,0,0,6,1,0
66,2,105,66,2002,#N/A,2005,2006,3,4,4,4,3,2,0.386358116,1,1,0,0,0,0,27,0,0,0,0,0,0,0,0,0,1,0,0,1,1,0,0,2,1,1
67,23,111,67,2004,#N/A,2006,2010,2,5,3,7,13,4,0.878865027,5,0,1,0,0,0,20,0,0,0,0,0,0,0,0,0,1,0,0,0,0,1,0,4,1,1
68,34,74,68,2000,2009,2005,2005,5,5,3,4,1,1,0.020950062,0,0,0,0,0,1,31,1,0,0,0,0,0,0,0,0,0,0,0,1,0,0,0,3,0,0
69,2,89,69,2006,#N/A,2007,2007,1,1,1,2,7,1,0.105682364,2,1,0,0,0,0,34,0,1,0,0,0,0,0,0,0,0,0,0,1,0,0,0,1,1,1
70,15,32,70,2001,2013,2008,2011,7,10,0,0,2,3,0.904284315,1,0,0,0,0,1,5,0,0,0,0,0,0,0,0,0,1,1,0,0,1,0,0,3,1,0
71,2,105,71,2013,2005,2013,2013,0,0,3,4,7,1,0.253963894,0,1,0,0,0,0,7,0,0,0,0,0,0,1,0,0,0,1,0,0,0,0,0,9,1,0
72,32,15,72,2003,#N/A,2005,2006,2,3,3,9,5,2,0.472149573,2,0,0,0,0,1,31,1,0,0,0,0,0,0,0,0,0,0,0,0,1,1,0,4,1,1
73,2,151,73,2002,#N/A,2006,2009,4,7,0,0,5,2,0.211597742,1,1,0,0,0,0,29,0,0,0,0,0,0,0,0,0,1,1,0,0,1,0,0,4,1,1
74,5,175,74,2005,2010,2006,2009,1,4,3,4,1,3,0.329472894,0,0,0,0,0,1,1,0,0,0,0,1,0,0,0,0,0,1,0,0,1,1,0,3,1,0
75,2,144,75,2007,#N/A,2009,2009,2,2,2,4,7,1,0.010358524,2,1,0,0,0,0,34,0,1,0,0,0,0,0,0,0,0,0,1,0,0,0,0,5,1,1
76,2,105,76,2002,2010,2005,2005,3,3,3,4,1,1,0.084499289,0,1,0,0,0,0,25,0,0,0,0,0,0,0,0,0,1,0,0,0,1,0,0,3,1,0
77,9,40,77,2006,#N/A,2007,2012,1,6,3,4,3,5,0.227788454,3,0,0,0,0,1,31,1,0,0,0,0,0,0,0,0,0,1,0,1,0,0,0,2,1,1
78,20,156,78,2007,2012,2008,2008,1,1,0,0,1,1,0.116273902,1,0,0,0,0,1,31,1,0,0,0,0,0,0,0,0,0,1,0,0,0,0,0,3,1,0
79,2,144,79,2008,#N/A,2012,2012,4,4,2,5,7,1,0.008240216,2,1,0,0,0,0,30,0,0,0,0,0,0,0,0,0,1,0,1,0,0,0,0,3,1,1
80,32,154,80,2000,#N/A,2005,2005,5,5,3,4,1,1,0.275146969,0,0,0,0,0,1,31,1,0,0,0,0,0,0,0,0,0,0,0,0,0,0,1,4,1,1
81,32,15,81,2005,#N/A,2005,2006,0,1,3,4,5,3,0.264555431,0,0,0,0,0,1,31,1,0,0,0,0,0,0,0,0,0,1,0,1,1,0,0,2,1,1
82,2,146,82,2004,#N/A,2006,2012,2,8,1,8,16,4,0.806091651,2,1,0,0,0,0,28,0,0,0,0,0,0,0,0,0,1,1,0,0,1,1,1,3,1,1
83,31,38,83,2006,2012,2008,2011,2,4,0,5,4,2,0.105682364,6,0,0,0,0,1,34,0,1,0,0,0,0,0,0,0,0,0,0,1,1,0,0,1,0,0
84,9,40,84,2011,2013,2012,2012,1,1,0,1,2,1,0.020950062,2,0,0,0,0,1,34,0,1,0,0,0,0,0,0,0,0,0,1,0,0,0,0,1,0,0
85,2,144,85,2007,#N/A,2009,2009,2,2,0,6,5,1,0.012476832,3,1,0,0,0,0,34,0,1,0,0,0,0,0,0,0,0,0,1,0,0,0,0,7,1,1
86,2,152,86,2007,#N/A,2007,2009,0,2,3,6,11,2,0.058020444,3,1,0,0,0,0,34,0,1,0,0,0,0,0,0,0,0,0,1,1,0,0,0,4,1,1
87,2,151,87,2003,#N/A,2005,2007,2,4,3,4,1,2,0.635259255,0,1,0,0,0,0,21,0,0,0,0,0,0,0,0,0,1,0,0,1,1,0,0,2,1,1
88,2,100,88,2003,2012,2007,2007,4,4,3,4,0,1,0.148048516,0,1,0,0,0,0,29,0,0,0,0,0,0,0,0,0,1,0,0,0,0,1,0,1,0,0
89,2,98,89,2006,#N/A,2006,2006,0,0,0,2,10,1,0.128983747,2,1,0,0,0,0,27,0,0,0,0,0,0,0,0,0,1,0,0,0,1,0,0,4,1,1
90,2,143,90,2010,2013,2011,2012,0,1,2,2,12,3,0.044251445,2,1,0,0,0,0,9,0,0,0,1,0,0,0,0,0,0,1,1,0,0,0,0,4,1,0
91,2,144,91,2009,#N/A,2009,2010,0,0,0,3,10,2,0.054101575,3,1,0,0,0,0,19,0,0,1,0,0,0,0,0,0,0,0,1,1,0,0,0,3,1,1
92,18,133,92,2003,#N/A,2005,2008,2,5,2,2,3,3,0.47426788,1,0,0,0,0,1,21,0,0,0,0,0,0,0,0,0,1,1,0,0,1,1,0,3,1,1
93,23,111,93,2005,#N/A,2006,2006,1,1,6,6,12,1,0.132161209,1,0,1,0,0,0,7,0,0,0,0,0,0,1,0,0,0,0,0,1,0,0,0,1,0,1
94,23,111,94,2010,#N/A,2011,2011,1,1,1,2,4,1,0.011947255,2,0,1,0,0,0,34,0,1,0,0,0,0,0,0,0,0,0,1,0,0,0,0,6,0,1
95,12,157,95,2009,2012,2009,2010,0,0,0,0,1,2,0.000889689,1,0,0,1,0,0,34,0,1,0,0,0,0,0,0,0,0,0,1,0,0,0,0,1,1,0
96,2,135,96,2006,#N/A,2006,2008,0,2,3,3,6,2,0.201006205,2,1,0,0,0,0,7,0,0,0,0,0,0,1,0,0,0,0,0,1,1,0,0,2,1,1
97,29,11,97,2009,2013,2009,2010,0,0,1,0,7,2,0.073907751,2,0,0,0,1,0,9,0,0,0,1,0,0,0,0,0,0,0,1,1,0,0,0,1,1,0
98,23,111,98,2009,#N/A,2010,2011,0,1,0,3,14,3,0.22218928,3,0,1,0,0,0,24,0,0,0,0,0,0,0,0,0,1,1,0,1,0,0,0,6,1,1
99,2,61,99,2008,#N/A,2008,2012,0,4,2,4,14,4,0.725287326,2,1,0,0,0,0,5,0,0,0,0,0,0,0,0,0,1,1,0,1,1,1,0,2,1,1
100,26,124,100,2009,2013,2008,2010,1,1,0,1,3,2,0.002414871,2,0,0,0,0,1,1,0,0,0,0,1,0,0,0,0,0,1,1,0,0,0,0,1,1,0
101,31,136,101,2003,2008,2005,2007,2,4,0,0,2,2,0.224307588,1,0,0,0,0,1,19,0,0,1,0,0,0,0,0,0,0,1,0,0,1,0,0,3,1,0
102,2,61,102,2004,#N/A,2006,2009,2,5,2,2,2,3,0.55264526,1,1,0,0,0,0,29,0,0,0,0,0,0,0,0,0,1,1,0,0,1,0,0,3,1,1
103,9,40,103,2010,2012,2011,2012,1,1,1,1,6,3,0.002581899,2,0,0,0,0,1,12,0,0,0,0,0,1,0,0,0,0,0,1,0,0,0,0,1,1,0
104,2,151,104,2006,#N/A,2007,2010,0,4,0,4,9,3,0.201006205,2,1,0,0,0,0,31,1,0,0,0,0,0,0,0,0,0,0,0,1,1,1,0,2,1,1
105,2,120,105,2000,#N/A,2006,2006,6,6,6,6,9,1,0.381062347,1,1,0,0,0,0,21,0,0,0,0,0,0,0,0,0,1,1,0,0,0,0,0,7,1,1
106,24,41,106,2010,2012,2011,2011,1,1,1,1,4,1,0.014383308,1,0,0,0,0,1,34,0,1,0,0,0,0,0,0,0,0,0,1,0,0,0,0,3,1,0
107,7,10,107,2001,#N/A,2006,2007,5,6,3,4,1,3,0.532131802,0,0,0,0,0,1,19,0,0,1,0,0,0,0,0,0,0,1,0,0,1,0,0,1,1,1
108,2,146,108,2007,2013,2010,2010,3,3,3,4,1,1,0.042133137,0,1,0,0,0,0,13,0,0,0,0,0,0,0,0,0,1,0,0,0,0,0,0,1,1,0
109,2,144,109,2005,2013,2005,2005,0,0,5,8,12,1,0.31751312,2,1,0,0,0,0,21,0,0,0,0,0,0,0,0,0,1,0,0,1,0,0,0,3,0,0
110,2,144,110,2005,#N/A,2005,2007,0,2,2,2,6,2,0.31751312,1,1,0,0,0,0,31,1,0,0,0,0,0,0,0,0,0,0,0,1,1,0,0,3,1,1
111,23,111,111,2004,2009,2006,2007,2,3,3,5,8,3,0.953005389,3,0,1,0,0,0,12,0,0,0,0,0,1,0,0,0,0,0,0,1,0,0,0,1,0,0
112,2,151,112,2006,#N/A,2008,2008,1,1,2,2,4,1,0.09318435,1,1,0,0,0,0,19,0,0,1,0,0,0,0,0,0,0,0,0,1,0,0,0,1,1,1
113,31,160,113,2010,#N/A,2010,2010,0,0,2,2,9,2,0.095090826,2,0,0,0,0,1,34,0,1,0,0,0,0,0,0,0,0,0,0,1,1,0,0,2,1,1
114,2,144,114,2007,#N/A,2008,2010,1,3,4,5,11,3,0.233628141,2,1,0,0,0,0,31,1,0,0,0,0,0,0,0,0,0,0,0,1,1,1,0,2,1,1
115,2,144,115,2009,#N/A,2010,2010,1,1,1,2,6,1,0.033659907,2,1,0,0,0,0,12,0,0,0,0,0,1,0,0,0,0,0,0,1,0,0,0,3,1,1
116,23,111,116,2002,#N/A,2005,2005,3,3,7,7,3,2,0.190414667,1,0,1,0,0,0,31,1,0,0,0,0,0,0,0,0,0,1,0,0,1,0,0,4,1,1
117,2,147,117,2010,#N/A,2011,2012,1,2,0,3,4,3,0.069296767,2,1,0,0,0,0,2,0,0,0,0,0,0,0,0,0,1,1,0,0,0,0,0,2,1,1
118,7,10,118,2002,2010,2007,2008,5,6,3,4,2,2,0.186178052,0,0,0,0,0,1,29,0,0,0,0,0,0,0,0,0,1,1,0,1,0,0,0,1,1,0
119,2,89,119,2007,2010,2008,2008,1,1,0,0,1,1,0.035778215,1,1,0,0,0,0,34,0,1,0,0,0,0,0,0,0,0,0,0,1,0,0,0,1,0,0
120,2,119,120,2010,2013,2010,2010,0,0,0,0,1,1,0.000190648,2,1,0,0,0,0,34,0,1,0,0,0,0,0,0,0,0,0,1,0,0,0,0,1,0,0
121,2,61,121,2005,#N/A,2008,2009,3,4,5,8,10,2,0.243372356,5,1,0,0,0,0,19,0,0,1,0,0,0,0,0,0,0,0,0,1,1,0,0,2,1,1
122,2,144,122,2010,#N/A,2011,2011,1,1,0,2,2,1,0.028364138,3,1,0,0,0,0,34,0,1,0,0,0,0,0,0,0,0,0,1,0,0,0,0,10,1,1
123,9,40,123,2005,#N/A,2010,2010,4,4,2,6,17,1,0.019684606,2,0,0,0,0,1,31,1,0,0,0,0,0,0,0,0,0,0,0,1,0,0,0,1,1,1
124,12,22,124,2007,#N/A,2009,2011,1,3,3,3,12,2,0.084499289,3,0,0,1,0,0,34,0,1,0,0,0,0,0,0,0,0,0,1,1,0,0,0,3,1,1
125,2,162,125,2008,2012,2009,2009,1,1,1,1,5,1,0.105682364,1,1,0,0,0,0,34,0,1,0,0,0,0,0,0,0,0,0,0,1,0,0,0,1,0,0
126,31,9,126,2009,2012,2009,2009,0,0,0,0,3,1,0.000190648,1,0,0,0,0,1,34,0,1,0,0,0,0,0,0,0,0,0,1,0,0,0,0,1,0,0
127,32,154,127,2002,#N/A,2006,2006,4,4,3,3,5,1,0.264555431,1,0,0,0,0,1,21,0,0,0,0,0,0,0,0,0,1,0,0,0,1,0,0,3,1,1
128,3,35,128,2009,2013,2010,2013,1,4,1,1,0,5,0.15289317,2,0,0,0,0,1,11,0,0,0,0,0,0,0,0,0,1,1,0,1,0,0,0,2,1,0
129,2,147,129,2004,#N/A,2006,2010,2,6,3,4,5,4,0.321326074,0,1,0,0,0,0,9,0,0,0,1,0,0,0,0,0,0,1,0,1,0,1,0,1,1,1
130,2,146,130,2008,2012,2010,2011,2,3,2,4,4,2,0.635259255,2,1,0,0,0,0,31,1,0,0,0,0,0,0,0,0,0,0,0,1,1,0,0,2,1,0
131,29,11,131,2006,#N/A,2008,2008,2,2,3,4,11,2,0.306921583,3,0,0,0,1,0,21,0,0,0,0,0,0,0,0,0,1,0,0,1,1,0,0,1,1,1
132,2,144,132,2009,#N/A,2011,2011,2,2,2,4,6,1,0.137456978,3,1,0,0,0,0,1,0,0,0,0,1,0,0,0,0,0,1,0,0,0,0,0,3,1,1
133,28,97,133,2012,2013,2012,2012,0,0,0,0,2,1,8.47323E-05,1,0,0,0,0,1,34,0,1,0,0,0,0,0,0,0,0,0,1,0,0,0,0,1,0,0
134,23,111,134,2009,#N/A,2010,2013,0,3,1,4,5,5,0.099452634,3,0,1,0,0,0,19,0,0,1,0,0,0,0,0,0,0,1,1,0,0,0,0,3,1,1
135,2,28,135,2008,#N/A,2010,2010,2,2,3,4,6,1,0.063316213,2,1,0,0,0,0,12,0,0,0,0,0,1,0,0,0,0,1,0,0,0,0,0,1,1,1
136,23,111,136,2008,2013,2008,2012,0,4,2,3,8,4,0.030482403,3,0,1,0,0,0,30,0,0,0,0,0,0,0,0,0,1,1,1,0,0,0,0,1,1,0
137,12,30,137,2011,#N/A,2011,2012,0,1,0,2,5,2,0.12686544,3,0,0,1,0,0,19,0,0,1,0,0,0,0,0,0,0,0,1,1,0,0,0,6,1,1
138,16,126,138,2005,#N/A,2007,2011,2,6,3,4,7,3,0.597129719,0,0,0,0,0,1,17,0,0,0,0,0,0,0,0,0,1,1,0,0,1,1,0,3,1,1
139,2,144,139,2005,#N/A,2008,2010,3,4,5,5,5,2,0.296330045,1,1,0,0,0,0,31,1,0,0,0,0,0,0,0,0,0,1,0,1,0,0,0,2,1,1
140,29,11,140,2007,2009,2009,2009,1,1,2,2,14,1,0.063316213,2,0,0,0,1,0,9,0,0,0,1,0,0,0,0,0,0,0,0,1,0,0,0,1,0,0
141,32,154,141,2010,2013,2011,2011,1,1,0,0,6,2,0.047175874,1,0,0,0,0,1,9,0,0,0,1,0,0,0,0,0,0,1,1,0,0,0,0,1,1,0
142,2,144,142,2010,2013,2011,2012,0,2,1,2,5,2,0.109918979,2,1,0,0,0,0,24,0,0,0,0,0,0,0,0,0,1,1,0,1,0,0,0,1,1,0
143,12,109,143,2006,2012,2007,2010,0,3,4,5,13,4,0.518752339,4,0,0,1,0,0,31,1,0,0,0,0,0,0,0,0,0,0,0,1,1,1,0,2,1,0
144,2,113,144,2002,2012,2006,2010,4,8,3,4,3,3,0.094586055,0,1,0,0,0,0,1,0,0,0,0,1,0,0,0,0,0,1,0,1,0,0,0,2,1,0
145,2,135,145,2004,#N/A,2006,2008,2,4,3,4,13,2,0.321749736,0,1,0,0,0,0,31,1,0,0,0,0,0,0,0,0,0,0,0,1,1,0,0,2,1,1
146,23,111,146,2011,2013,2011,2012,0,1,3,4,2,2,0.018619923,0,0,1,0,0,0,19,0,0,1,0,0,0,0,0,0,0,0,1,0,0,0,0,3,1,0
147,9,107,147,2009,#N/A,2012,2012,3,3,3,4,7,1,0.025743156,2,0,0,0,0,1,9,0,0,0,1,0,0,0,0,0,0,0,1,0,0,0,0,1,1,1
148,2,122,148,2002,#N/A,2008,2010,6,8,6,6,5,2,0.190414667,1,1,0,0,0,0,34,0,1,0,0,0,0,0,0,0,0,0,0,1,1,0,0,1,0,1
149,2,146,149,2004,#N/A,2008,2012,4,8,6,6,4,4,0.15250141,1,1,0,0,0,0,9,0,0,0,1,0,0,0,0,0,0,1,0,1,1,0,0,1,0,1
150,2,144,150,2011,#N/A,2011,2012,0,1,0,0,15,2,0.332341273,1,1,0,0,0,0,3,0,0,0,0,0,0,0,0,0,1,0,0,1,0,0,0,3,1,1
151,12,173,151,2000,#N/A,2005,2006,5,6,5,5,4,2,0.318572274,1,0,0,1,0,0,31,1,0,0,0,0,0,0,0,0,0,1,0,0,0,1,0,2,1,1
152,2,144,152,2006,#N/A,2007,2009,0,2,1,4,5,2,0.073907751,2,1,0,0,0,0,12,0,0,0,0,0,1,0,0,0,0,0,0,1,1,0,0,3,1,1
153,2,100,153,2000,2009,2006,2007,6,7,5,5,2,2,0.910639238,1,1,0,0,0,0,31,1,0,0,0,0,0,0,0,0,0,0,0,0,0,1,1,1,1,0
154,2,144,154,2007,#N/A,2008,2008,0,0,0,4,8,1,0.027304984,4,1,0,0,0,0,34,0,1,0,0,0,0,0,0,0,0,0,1,0,0,0,0,4,1,1
155,26,124,155,2006,2013,2009,2011,3,5,3,4,3,2,0.074087002,0,0,0,0,0,1,17,0,0,0,0,0,0,0,0,0,1,1,0,1,0,0,0,3,1,0
156,2,147,156,2002,#N/A,2005,2007,3,5,7,7,10,3,0.412836961,1,1,0,0,0,0,31,1,0,0,0,0,0,0,0,0,0,0,0,1,1,0,0,3,1,1
157,2,152,157,2012,#N/A,2012,2012,0,0,1,1,5,1,0.07920352,3,1,0,0,0,0,19,0,0,1,0,0,0,0,0,0,0,0,0,0,0,0,0,9,1,1
158,9,174,158,2010,2011,2010,2010,0,0,3,4,1,1,0.953005389,0,0,0,0,0,1,34,0,1,0,0,0,0,0,0,0,0,0,0,0,0,0,0,2,0,0
159,18,133,159,2005,2013,2006,2010,0,5,4,7,8,4,0.688216944,3,0,0,0,0,1,9,0,0,0,1,0,0,0,0,0,0,0,0,1,1,1,1,2,1,0
160,2,162,160,2005,2011,2007,2008,2,3,3,4,4,2,0.253963894,3,1,0,0,0,0,1,0,0,0,0,1,0,0,0,0,0,0,0,0,1,1,0,2,1,0
161,2,144,161,2006,#N/A,2006,2008,0,2,4,6,12,3,0.151755554,6,1,0,0,0,0,34,0,1,0,0,0,0,0,0,0,0,0,1,1,1,0,0,2,1,1
162,2,144,162,2005,2010,2007,2007,1,1,0,5,3,2,0.099327442,4,1,0,0,0,0,34,0,1,0,0,0,0,0,0,0,0,0,1,1,0,0,0,1,1,0
163,2,104,163,2008,2010,2008,2008,0,0,3,4,3,1,0.002308955,0,1,0,0,0,0,25,0,0,0,0,0,0,0,0,0,1,0,1,0,0,0,0,2,0,0
164,2,105,164,2002,#N/A,2007,2010,5,8,5,6,10,3,0.211597742,2,1,0,0,0,0,1,0,0,0,0,1,0,0,0,0,0,1,0,0,1,0,0,1,0,1
165,29,11,165,2000,2013,2005,2010,4,10,3,4,0,4,0.825906935,0,0,0,0,1,0,29,0,0,0,0,0,0,0,0,0,1,1,0,1,0,0,0,3,0,0
166,12,94,166,2003,#N/A,2005,2007,2,4,3,4,3,2,0.340814504,0,0,0,1,0,0,31,1,0,0,0,0,0,0,0,0,0,0,0,0,1,1,0,2,1,1
167,2,144,167,2006,#N/A,2007,2008,1,2,2,5,4,2,0.069671136,3,1,0,0,0,0,1,0,0,0,0,1,0,0,0,0,0,0,1,1,0,0,0,2,1,1
168,2,144,168,2009,#N/A,2010,2010,1,1,1,1,6,1,0.015654293,3,1,0,0,0,0,2,0,0,0,0,0,0,0,0,0,1,0,1,0,0,0,0,9,1,1
169,7,10,169,2006,2012,2008,2008,2,2,3,4,0,2,0.020950062,0,0,0,0,0,1,31,1,0,0,0,0,0,0,0,0,0,1,1,0,0,0,0,2,0,0
170,2,144,170,2007,#N/A,2009,2011,1,3,2,3,14,3,0.30120211,3,1,0,0,0,0,34,0,1,0,0,0,0,0,0,0,0,0,0,1,1,0,0,3,1,1
171,2,45,171,2009,#N/A,2009,2011,0,2,0,2,7,2,0.063316213,2,1,0,0,0,0,18,0,0,0,0,0,0,0,0,0,1,0,0,1,1,0,0,2,1,1
172,23,111,172,2005,#N/A,2009,2009,4,4,6,6,10,1,0.423428499,1,0,1,0,0,0,1,0,0,0,0,1,0,0,0,0,0,0,0,1,0,0,0,1,0,1
173,27,130,173,2008,#N/A,2009,2010,0,2,1,2,6,2,0.042133137,3,0,0,0,0,1,1,0,0,0,0,1,0,0,0,0,0,0,1,0,0,0,0,1,1,1
174,2,144,174,2006,2009,2007,2007,1,1,2,2,6,1,0.0315416,1,1,0,0,0,0,7,0,0,0,0,0,0,1,0,0,0,0,0,0,0,0,0,1,0,0
175,2,144,175,2009,2011,2009,2009,0,0,1,1,4,1,0.006651486,1,1,0,0,0,0,5,0,0,0,0,0,0,0,0,0,1,0,1,0,0,0,0,4,0,0
176,2,144,176,2010,2012,2011,2011,0,0,1,1,16,1,0.073907751,2,1,0,0,0,0,9,0,0,0,1,0,0,0,0,0,0,0,0,1,0,0,0,5,1,0
177,32,154,177,2004,2012,2006,2008,2,4,1,4,7,4,0.635259255,2,0,0,0,0,1,21,0,0,0,0,0,0,0,0,0,1,0,1,1,1,0,0,2,1,0
178,23,111,178,2008,#N/A,2009,2009,1,1,1,1,5,1,0.042133137,2,0,1,0,0,0,7,0,0,0,0,0,0,1,0,0,0,0,0,1,0,0,0,3,1,1
179,2,105,179,2008,#N/A,2008,2009,0,1,3,4,12,2,0.158640053,3,1,0,0,0,0,9,0,0,0,1,0,0,0,0,0,0,0,0,1,0,0,0,3,1,1
180,29,11,180,2007,#N/A,2007,2008,0,1,3,3,9,2,0.211597742,1,0,0,0,1,0,31,1,0,0,0,0,0,0,0,0,0,0,0,1,0,0,0,2,1,1
181,2,122,181,2006,#N/A,2007,2012,1,6,2,2,7,4,0.126124032,1,1,0,0,0,0,31,1,0,0,0,0,0,0,0,0,0,1,0,1,0,0,0,1,0,1
182,2,61,182,2006,#N/A,2006,2006,0,0,0,7,9,1,0.084499289,4,1,0,0,0,0,19,0,0,1,0,0,0,0,0,0,0,0,0,1,0,0,0,1,0,1
183,15,21,183,2003,2013,2008,2008,5,5,7,7,2,1,0.105682364,1,0,0,0,0,1,1,0,0,0,0,1,0,0,0,0,0,1,0,0,0,0,0,1,0,0
184,2,146,184,2004,#N/A,2005,2005,1,1,5,7,15,1,0.243372356,2,1,0,0,0,0,1,0,0,0,0,1,0,0,0,0,0,0,0,1,0,0,0,2,1,1
185,9,40,185,2009,2013,2010,2011,1,2,1,1,2,2,0.022009216,1,0,0,0,0,1,34,0,1,0,0,0,0,0,0,0,0,1,0,0,0,0,0,1,0,0
186,23,111,186,2007,#N/A,2008,2008,1,1,1,3,13,2,0.116273902,2,0,1,0,0,0,34,0,1,0,0,0,0,0,0,0,0,0,0,1,0,0,0,2,1,1
187,26,123,187,2007,#N/A,2007,2009,0,2,1,3,17,3,0.105682364,4,0,0,0,0,1,1,0,0,0,0,1,0,0,0,0,0,0,1,1,0,0,0,1,1,1
188,2,105,188,2011,2013,2009,2011,1,0,1,1,11,2,0.078144366,3,1,0,0,0,0,9,0,0,0,1,0,0,0,0,0,0,1,0,0,0,0,0,3,0,0
189,2,60,189,2006,2011,2007,2009,1,3,3,4,4,2,0.148048516,0,1,0,0,0,0,31,1,0,0,0,0,0,0,0,0,0,0,0,1,0,0,0,2,0,0
190,12,22,190,2005,2012,2006,2007,1,2,2,3,14,2,0.677625406,4,0,0,1,0,0,21,0,0,0,0,0,0,0,0,0,1,0,0,1,1,0,0,3,1,0
191,12,30,191,2007,#N/A,2007,2011,0,4,2,3,8,3,0.167113284,2,0,0,1,0,0,1,0,0,0,0,1,0,0,0,0,0,0,0,1,0,0,0,2,0,1
192,29,11,192,2005,2012,2009,2009,4,4,0,0,1,1,0.105682364,1,0,0,0,1,0,19,0,0,1,0,0,0,0,0,0,0,1,0,0,0,0,0,1,1,0
193,32,154,193,2006,#N/A,2007,2009,1,3,2,7,5,2,0.044251445,3,0,0,0,0,1,28,0,0,0,0,0,0,0,0,0,1,0,1,1,0,0,0,1,1,1
194,13,17,194,2004,#N/A,2005,2009,0,4,3,3,6,4,0.471090419,1,0,0,0,0,1,9,0,0,0,1,0,0,0,0,0,0,0,0,1,1,1,1,2,1,1
195,23,111,195,2008,#N/A,2008,2008,0,0,3,4,0,1,0.020950062,2,0,1,0,0,0,34,0,1,0,0,0,0,0,0,0,0,0,1,0,0,0,0,1,1,1
196,26,6,196,2008,2013,2010,2010,2,2,3,4,0,1,0.741174633,0,0,0,0,0,1,5,0,0,0,0,0,0,0,0,0,1,0,0,0,0,1,0,1,0,0
197,12,115,197,2000,#N/A,2005,2005,5,5,3,4,3,1,0.550526952,0,0,0,1,0,0,29,0,0,0,0,0,0,0,0,0,1,1,0,0,0,0,0,2,1,1
198,2,89,198,2010,2011,2011,2011,0,0,0,0,3,1,0.001885294,2,1,0,0,0,0,12,0,0,0,0,0,1,0,0,0,0,0,1,0,0,0,0,1,0,0
199,3,48,199,2005,#N/A,2006,2006,1,1,3,4,6,1,0.105682364,3,0,0,0,0,1,19,0,0,1,0,0,0,0,0,0,0,0,0,1,0,0,0,1,1,1
200,7,49,200,2000,2012,2006,2008,6,8,3,4,5,2,0.154403438,0,0,0,0,0,1,4,0,0,0,0,0,0,0,1,0,0,1,0,1,0,0,0,3,1,0
201,27,130,201,2010,#N/A,2011,2012,1,1,0,1,8,2,0.122628825,2,0,0,0,0,1,9,0,0,0,1,0,0,0,0,0,0,0,1,1,0,0,0,4,1,1
202,2,144,202,2006,#N/A,2007,2012,0,5,3,4,11,4,0.494391802,2,1,0,0,0,0,12,0,0,0,0,0,1,0,0,0,0,0,1,1,1,0,0,3,1,1
203,12,173,203,2002,#N/A,2006,2008,3,5,3,4,7,2,0.285738507,0,0,0,1,0,0,31,1,0,0,0,0,0,0,0,0,0,1,0,0,0,1,0,2,1,1
204,2,135,204,2002,2013,2005,2005,3,3,3,3,2,1,0.211597742,1,1,0,0,0,0,25,0,0,0,0,0,0,0,0,0,1,0,0,0,0,1,0,4,1,0
205,30,141,205,2007,2012,2005,2005,1,1,3,4,3,1,0.179823129,0,0,0,0,0,1,23,0,0,0,0,0,0,0,0,0,1,1,0,0,0,0,0,1,0,0
206,2,120,206,2008,#N/A,2009,2009,1,1,1,1,3,1,0.042133137,1,1,0,0,0,0,31,1,0,0,0,0,0,0,0,0,0,0,0,1,0,0,0,2,1,1
207,29,11,207,2010,#N/A,2011,2012,1,1,0,1,3,2,0.086617596,2,0,0,0,1,0,9,0,0,0,1,0,0,0,0,0,0,0,0,1,0,0,0,1,1,1
208,2,105,208,2004,#N/A,2005,2005,0,0,1,8,5,1,0.131102055,4,1,0,0,0,0,27,0,0,0,0,0,0,0,0,0,1,0,0,1,0,0,0,2,1,1
209,2,144,209,2003,#N/A,2007,2008,4,5,4,4,8,2,0.259259663,1,1,0,0,0,0,1,0,0,0,0,1,0,0,0,0,0,0,0,0,1,1,0,2,1,1
210,2,144,210,2003,#N/A,2006,2008,3,5,5,8,3,2,0.248151258,2,1,0,0,0,0,19,0,0,1,0,0,0,0,0,0,0,0,0,1,1,0,0,2,1,1
211,12,29,211,2001,2007,2005,2006,4,5,3,4,1,2,0.338696196,0,0,0,1,0,0,31,1,0,0,0,0,0,0,0,0,0,0,0,1,1,0,0,3,1,0
212,32,154,212,2006,#N/A,2009,2010,2,4,3,4,10,3,0.106880458,2,0,0,0,0,1,19,0,0,1,0,0,0,0,0,0,0,1,0,1,0,0,0,1,1,1
213,2,144,213,2005,#N/A,2005,2005,0,0,6,8,9,1,0.001885294,3,1,0,0,0,0,34,0,1,0,0,0,0,0,0,0,0,0,1,0,0,0,0,1,1,1
214,2,3,214,2001,#N/A,2005,2010,4,9,6,6,5,3,0.698808482,1,1,0,0,0,0,9,0,0,0,1,0,0,0,0,0,0,1,0,0,1,0,1,3,1,1
215,18,50,215,2009,2013,2010,2012,1,3,2,2,8,3,0.070776765,2,0,0,0,0,1,2,0,0,0,0,0,0,0,0,0,1,0,1,1,0,0,0,9,0,0
216,23,111,216,2010,#N/A,2011,2012,1,1,0,1,5,2,0.046623949,2,0,1,0,0,0,2,0,0,0,0,0,0,0,0,0,1,0,1,1,0,0,0,3,1,1
217,2,135,217,2004,#N/A,2009,2011,5,7,3,4,1,4,0.419191883,0,1,0,0,0,0,4,0,0,0,0,0,0,0,1,0,0,1,0,0,0,0,1,5,1,1
218,2,147,218,2010,2013,2010,2011,0,1,1,1,6,2,0.095090826,2,1,0,0,0,0,34,0,1,0,0,0,0,0,0,0,0,0,1,1,0,0,0,3,1,0
219,12,109,219,2004,#N/A,2008,2008,4,4,4,4,2,2,0.296330045,1,0,0,1,0,0,31,1,0,0,0,0,0,0,0,0,0,1,0,0,1,0,0,1,1,1
220,6,180,220,2011,2013,2011,2011,0,0,0,0,4,1,0.001885294,2,0,0,0,0,1,30,0,0,0,0,0,0,0,0,0,1,0,1,0,0,0,0,1,0,0
221,2,120,221,2004,#N/A,2006,2007,2,3,3,5,4,2,0.209479435,2,1,0,0,0,0,31,1,0,0,0,0,0,0,0,0,0,0,0,1,1,0,0,2,1,1
222,2,144,222,2008,#N/A,2008,2013,0,5,5,5,10,3,0.160758361,2,1,0,0,0,0,1,0,0,0,0,1,0,0,0,0,0,0,0,1,1,0,0,5,1,1
223,2,150,223,2008,2012,2008,2008,0,0,0,0,2,1,0.00082614,1,1,0,0,0,0,12,0,0,0,0,0,1,0,0,0,0,0,1,0,0,0,0,2,0,0
224,2,120,224,2007,2011,2007,2007,0,0,3,4,3,1,0.013535985,0,1,0,0,0,0,25,0,0,0,0,0,0,0,0,0,1,0,1,0,0,0,0,1,0,0
225,2,89,225,2008,2011,2008,2010,0,2,2,2,8,3,0.22218928,3,1,0,0,0,0,19,0,0,1,0,0,0,0,0,0,0,1,0,1,1,0,0,2,1,0
226,2,152,226,2012,#N/A,2012,2012,0,0,0,0,12,1,0.010358524,2,1,0,0,0,0,34,0,1,0,0,0,0,0,0,0,0,0,1,0,0,0,0,1,0,1
227,2,105,227,2003,#N/A,2004,2007,1,4,2,10,2,2,0.514515724,3,1,0,0,0,0,34,0,1,0,0,0,0,0,0,0,0,0,0,0,1,1,0,2,1,1
228,2,151,228,1999,2009,2006,2006,7,7,7,7,6,2,0.381062347,1,1,0,0,0,0,13,0,0,0,0,0,0,0,0,0,1,1,0,0,1,0,0,4,1,0
229,2,105,229,2005,2012,2007,2010,2,5,3,4,2,2,0.201006205,0,1,0,0,0,0,13,0,0,0,0,0,0,0,0,0,1,1,0,0,1,0,0,3,1,0
230,13,43,230,2000,2009,2007,2007,7,7,5,5,6,1,0.359476772,1,0,0,0,0,1,4,0,0,0,0,0,0,0,1,0,0,0,0,0,1,0,0,1,1,1
231,2,105,231,2004,2009,2005,2005,1,1,1,3,2,1,0.105682364,2,1,0,0,0,0,12,0,0,0,0,0,1,0,0,0,0,0,0,1,0,0,0,3,0,0
232,32,159,232,2007,2012,2008,2008,1,1,3,4,3,1,0.007181063,0,0,0,0,0,1,13,0,0,0,0,0,0,0,0,0,1,1,0,0,0,0,0,1,0,0
233,12,29,233,2006,2013,2007,2010,1,4,1,1,1,5,0.277900769,1,0,0,1,0,0,34,0,1,0,0,0,0,0,0,0,0,1,0,1,0,0,0,2,1,0
234,32,154,234,2008,2011,2010,2010,2,2,0,2,1,1,0.423428499,2,0,0,0,0,1,31,1,0,0,0,0,0,0,0,0,0,0,0,1,0,0,0,1,0,0
235,12,30,235,2006,#N/A,2006,2009,0,3,2,6,18,3,0.56111849,4,0,0,1,0,0,19,0,0,1,0,0,0,0,0,0,0,1,0,1,1,0,0,2,1,1
236,12,95,236,2002,#N/A,2005,2006,3,4,3,4,4,2,0.31751312,0,0,0,1,0,0,9,0,0,0,1,0,0,0,0,0,0,0,0,0,1,0,0,5,1,1
237,13,59,237,2002,2012,2006,2006,4,4,3,4,0,1,0.054842983,0,0,0,0,0,1,25,0,0,0,0,0,0,0,0,0,1,0,0,1,0,0,0,1,0,0
238,2,61,238,2004,2012,2006,2010,2,6,3,4,1,4,0.45456762,0,1,0,0,0,0,5,0,0,0,0,0,0,0,0,0,1,0,0,1,1,0,0,3,1,0
239,29,11,239,2010,2012,2010,2010,0,0,0,0,5,1,0.000190648,2,0,0,0,1,0,19,0,0,1,0,0,0,0,0,0,0,0,1,0,0,0,0,1,0,0
240,2,162,240,2005,2012,2006,2007,1,2,2,6,10,2,0.076026058,3,1,0,0,0,0,34,0,1,0,0,0,0,0,0,0,0,0,1,1,0,0,0,1,0,0
241,2,144,241,2012,#N/A,2012,2012,0,0,1,1,8,1,0.054842983,1,1,0,0,0,0,7,0,0,0,0,0,0,1,0,0,0,0,0,1,0,0,0,2,0,1
242,2,120,242,2010,2010,2010,2010,0,0,0,1,5,1,0.105682364,2,1,0,0,0,0,34,0,1,0,0,0,0,0,0,0,0,0,0,1,0,0,0,1,1,0
243,2,143,243,2004,#N/A,2008,2010,4,6,3,6,2,2,0.359879272,2,1,0,0,0,0,19,0,0,1,0,0,0,0,0,0,0,0,0,1,1,0,0,3,1,1
244,14,178,244,2008,2013,2012,2012,4,4,3,4,0,1,0.013790182,0,0,0,0,0,1,16,0,0,0,0,0,0,0,0,0,1,0,0,1,0,0,0,3,0,0
245,23,111,245,2010,#N/A,2010,2011,0,1,2,2,12,2,0.07920352,2,0,1,0,0,0,15,0,0,0,0,0,0,0,0,0,1,0,1,1,0,0,0,4,1,1
246,23,87,246,2007,#N/A,2011,2013,3,5,2,6,9,2,0.141693593,4,0,1,0,0,0,20,0,0,0,0,0,0,0,0,0,1,1,0,0,0,0,0,8,1,1
247,2,135,247,2006,#N/A,2006,2009,0,3,2,4,12,3,0.439315805,2,1,0,0,0,0,13,0,0,0,0,0,0,0,0,0,1,1,0,1,1,0,0,2,1,1
248,2,144,248,2006,#N/A,2007,2013,1,7,3,4,5,4,0.402245423,0,1,0,0,0,0,12,0,0,0,0,0,1,0,0,0,0,0,0,1,1,1,0,2,1,1
249,2,144,249,2006,#N/A,2006,2007,0,0,3,4,20,3,0.476386188,0,1,0,0,0,0,27,0,0,0,0,0,0,0,0,0,1,1,0,1,0,0,0,4,1,1
250,2,144,250,2005,#N/A,2005,2008,0,3,2,3,10,3,0.154403438,3,1,0,0,0,0,1,0,0,0,0,1,0,0,0,0,0,0,1,1,1,0,0,2,1,1
251,32,15,251,2004,#N/A,2009,2009,4,4,3,4,4,1,0.211597742,0,0,0,0,0,1,31,1,0,0,0,0,0,0,0,0,0,0,0,0,0,1,0,3,1,1
252,23,117,252,2010,2013,2010,2010,0,0,0,0,1,1,0.000423662,1,0,1,0,0,0,34,0,1,0,0,0,0,0,0,0,0,0,1,0,0,0,0,2,0,0
253,2,98,253,2005,#N/A,2007,2008,1,2,1,6,16,3,0.455203112,4,1,0,0,0,0,19,0,0,1,0,0,0,0,0,0,0,0,0,1,1,0,0,3,1,1
254,3,54,254,2002,#N/A,2006,2006,4,4,6,6,5,1,0.084499289,1,0,0,0,0,1,28,0,0,0,0,0,0,0,0,0,1,0,0,0,0,0,0,5,1,1
255,2,155,255,2006,#N/A,2007,2010,0,3,2,4,5,3,0.198887897,4,1,0,0,0,0,12,0,0,0,0,0,1,0,0,0,0,1,0,1,1,0,0,4,1,1
256,23,111,256,2007,#N/A,2007,2009,0,2,1,4,9,3,0.11839221,4,0,1,0,0,0,34,0,1,0,0,0,0,0,0,0,0,0,0,1,1,0,0,2,1,1
257,2,144,257,2006,#N/A,2008,2009,2,3,3,5,9,2,0.12686544,2,1,0,0,0,0,11,0,0,0,0,0,0,0,0,0,1,0,0,1,1,0,0,2,1,1
258,2,144,258,2009,#N/A,2010,2012,0,3,3,4,16,3,0.042133137,2,1,0,0,0,0,32,0,0,0,0,0,0,0,0,0,1,0,1,0,0,0,0,3,1,1
259,2,144,259,2008,#N/A,2009,2009,0,0,0,1,5,2,0.020950062,3,1,0,0,0,0,11,0,0,0,0,0,0,0,0,0,1,1,0,1,0,0,0,5,1,1
260,26,13,260,2007,2012,2008,2009,1,1,0,1,3,2,0.004003601,2,0,0,0,0,1,12,0,0,0,0,0,1,0,0,0,0,0,1,1,0,0,0,2,1,0
261,2,142,261,2007,2011,2008,2008,1,1,0,1,2,1,0.04848806,2,1,0,0,0,0,5,0,0,0,0,0,0,0,0,0,1,0,0,1,0,0,0,2,1,0
262,2,144,262,2006,2009,2008,2008,2,2,0,3,5,1,0.020950062,4,1,0,0,0,0,19,0,0,1,0,0,0,0,0,0,0,0,0,1,0,0,0,1,1,0
263,2,144,263,2003,#N/A,2004,2009,0,5,4,7,13,5,0.524048108,3,1,0,0,0,0,20,0,0,0,0,0,0,0,0,0,1,1,1,1,1,0,0,2,1,1
264,9,55,264,2005,2013,2007,2011,2,6,6,6,15,2,0.270910354,1,0,0,0,0,1,31,1,0,0,0,0,0,0,0,0,0,0,0,1,1,0,0,2,1,0
265,2,105,265,2001,#N/A,2005,2007,4,6,7,7,10,2,0.645850793,1,1,0,0,0,0,9,0,0,0,1,0,0,0,0,0,0,0,0,0,0,0,1,4,1,1
266,2,33,266,2003,2011,2008,2011,5,8,5,7,3,3,0.768712631,2,1,0,0,0,0,3,0,0,0,0,0,0,0,0,0,1,1,0,0,0,1,0,1,1,0
267,2,144,267,2008,#N/A,2010,2011,2,3,3,4,7,3,0.141561876,3,1,0,0,0,0,26,0,0,0,0,0,0,0,0,0,1,1,0,0,0,0,0,1,1,1
268,2,45,268,2005,#N/A,2008,2008,3,3,3,5,8,1,0.240618556,3,1,0,0,0,0,21,0,0,0,0,0,0,0,0,0,1,0,0,1,0,0,0,2,1,1
269,2,177,269,2006,#N/A,2007,2009,0,2,3,6,13,3,0.349287734,4,1,0,0,0,0,34,0,1,0,0,0,0,0,0,0,0,0,0,1,1,1,0,1,1,1
270,2,145,270,2008,2012,2008,2008,0,0,3,3,3,1,0.005062755,1,1,0,0,0,0,21,0,0,0,0,0,0,0,0,0,1,0,1,0,0,0,0,3,0,0
271,23,111,271,2006,#N/A,2007,2009,0,3,3,7,9,5,0.304803275,5,0,1,0,0,0,34,0,1,0,0,0,0,0,0,0,0,0,1,1,1,0,0,5,1,1
272,2,144,272,2005,#N/A,2006,2012,1,7,5,8,10,4,0.2767357,2,1,0,0,0,0,1,0,0,0,0,1,0,0,0,0,0,0,0,1,1,0,0,4,1,1
273,2,105,273,2007,#N/A,2006,2007,0,0,0,5,10,2,0.550526952,4,1,0,0,0,0,12,0,0,0,0,0,1,0,0,0,0,0,0,1,0,1,0,2,1,1
274,12,29,274,2008,#N/A,2011,2011,3,3,3,4,6,2,0.345051119,2,0,0,1,0,0,9,0,0,0,1,0,0,0,0,0,0,0,0,0,1,0,0,2,1,1
275,29,11,275,2003,2013,2007,2010,4,7,7,7,5,2,0.126702669,1,0,0,0,1,0,9,0,0,0,1,0,0,0,0,0,0,1,0,1,0,0,0,2,0,1
276,2,120,276,2005,2012,2006,2006,0,0,5,5,4,1,0.025186677,1,1,0,0,0,0,31,1,0,0,0,0,0,0,0,0,0,0,0,1,0,0,0,1,0,0
277,23,111,277,2009,2012,2010,2010,1,1,1,3,7,2,0.04001483,2,0,1,0,0,0,34,0,1,0,0,0,0,0,0,0,0,0,1,1,0,0,0,2,1,0
278,23,111,278,2006,2012,2008,2008,2,2,3,4,4,1,0.010358524,0,0,1,0,0,0,34,0,1,0,0,0,0,0,0,0,0,0,1,0,0,0,0,5,0,0
279,29,137,279,2000,#N/A,2007,2007,7,7,3,4,3,1,0.398008808,0,0,0,0,1,0,29,0,0,0,0,0,0,0,0,0,1,0,0,0,0,1,0,7,1,1
280,15,186,280,2009,2009,2009,2009,0,0,0,0,3,1,0.000190648,1,0,0,0,0,1,34,0,1,0,0,0,0,0,0,0,0,0,1,0,0,0,0,1,0,0
281,31,66,281,2009,#N/A,2009,2011,0,2,1,2,3,4,0.070730289,2,0,0,0,0,1,19,0,0,1,0,0,0,0,0,0,0,0,1,1,1,0,0,1,0,1
282,20,121,282,2005,#N/A,2010,2010,5,5,3,4,1,1,0.55264526,0,0,0,0,0,1,4,0,0,0,0,0,0,0,1,0,0,1,0,0,0,0,0,2,1,1
283,26,124,283,2009,2013,2010,2011,1,2,3,4,0,2,0.025463455,0,0,0,0,0,1,9,0,0,0,1,0,0,0,0,0,0,1,0,0,0,0,0,1,1,0
284,2,120,284,2008,#N/A,2008,2012,0,4,0,4,18,3,0.508796293,3,1,0,0,0,0,1,0,0,0,0,1,0,0,0,0,0,0,0,1,1,0,0,3,1,1
285,2,144,285,2006,#N/A,2007,2010,0,3,1,5,14,3,0.277265277,5,1,0,0,0,0,33,0,0,0,0,0,0,0,0,0,1,0,1,0,1,1,0,1,1,1
286,23,111,286,2008,#N/A,2008,2010,0,1,0,5,6,3,0.01162953,5,0,1,0,0,0,31,1,0,0,0,0,0,0,0,0,0,1,1,0,0,0,0,3,1,1
287,16,101,287,2009,#N/A,2011,2011,2,2,2,4,7,1,0.073907751,3,0,0,0,0,1,9,0,0,0,1,0,0,0,0,0,0,0,0,1,0,0,0,2,1,1
288,2,146,288,2005,#N/A,2005,2008,0,3,2,2,18,4,0.9000477,1,1,0,0,0,0,19,0,0,1,0,0,0,0,0,0,0,1,0,1,1,1,0,2,1,1
289,2,144,289,2005,2012,2008,2008,2,2,2,5,7,1,0.257565016,2,1,0,0,0,0,9,0,0,0,1,0,0,0,0,0,0,0,0,0,0,1,0,3,1,0
290,23,111,290,2002,#N/A,2007,2007,5,5,8,9,4,1,0.020950062,2,0,1,0,0,0,31,1,0,0,0,0,0,0,0,0,0,0,0,1,0,0,0,3,1,1
291,2,144,291,2008,#N/A,2011,2012,3,3,2,4,5,3,0.038320184,4,1,0,0,0,0,19,0,0,1,0,0,0,0,0,0,0,0,1,0,0,0,0,1,0,1
292,23,111,292,2010,#N/A,2010,2011,0,1,1,1,4,2,0.398008808,1,0,1,0,0,0,10,0,0,0,0,0,0,0,0,0,1,0,0,1,1,0,0,2,1,1
293,2,72,293,2009,#N/A,2009,2012,0,3,2,4,3,3,0.027516815,4,1,0,0,0,0,30,0,0,0,0,0,0,0,0,0,1,0,1,0,0,0,0,1,0,1
294,12,182,294,2003,2011,2005,2007,2,4,4,4,2,2,0.31751312,1,0,0,1,0,0,31,1,0,0,0,0,0,0,0,0,0,0,0,1,1,0,0,2,1,0
295,12,29,295,2004,#N/A,2006,2006,2,2,1,1,3,1,0.529343877,1,0,0,1,0,0,31,1,0,0,0,0,0,0,0,0,0,0,0,0,0,0,1,5,1,1
296,12,22,296,2009,#N/A,2009,2011,0,2,1,2,4,3,0.003421067,2,0,0,1,0,0,34,0,1,0,0,0,0,0,0,0,0,0,1,0,0,0,0,1,0,1
297,2,81,297,2004,#N/A,2006,2011,2,7,1,9,7,3,0.853444934,5,1,0,0,0,0,19,0,0,1,0,0,0,0,0,0,0,1,0,0,1,1,0,4,1,1
298,2,89,298,2011,2012,2011,2011,0,0,0,0,9,1,0.001885294,3,1,0,0,0,0,7,0,0,0,0,0,0,1,0,0,0,0,1,0,0,0,0,1,0,0
299,32,154,299,2007,#N/A,2008,2013,0,5,2,5,14,5,0.41050678,2,0,0,0,0,1,8,0,0,0,0,0,0,0,0,0,1,1,0,1,1,1,0,1,1,1
300,2,144,300,2007,#N/A,2010,2010,3,3,4,5,6,1,0.12686544,2,1,0,0,0,0,31,1,0,0,0,0,0,0,0,0,0,0,0,1,0,0,0,2,1,1
301,23,111,301,2008,#N/A,2009,2010,0,2,0,3,8,4,0.073907687,3,0,1,0,0,0,1,0,0,0,0,1,0,0,0,0,0,1,0,1,0,0,0,1,1,1
302,2,135,302,2006,2012,2007,2008,1,1,4,5,13,3,0.054842983,2,1,0,0,0,0,21,0,0,0,0,0,0,0,0,0,1,0,1,1,0,0,0,3,1,1
303,2,144,303,2009,#N/A,2009,2011,0,1,3,3,14,3,0.042620348,2,1,0,0,0,0,34,0,1,0,0,0,0,0,0,0,0,0,1,1,0,0,0,1,1,1
304,2,72,304,2002,#N/A,2007,2007,5,5,3,4,3,1,0.529343877,0,1,0,0,0,0,29,0,0,0,0,0,0,0,0,0,1,1,0,0,0,0,0,4,1,1
305,23,111,305,2009,#N/A,2011,2011,1,1,1,1,5,2,0.020950062,1,0,1,0,0,0,1,0,0,0,0,1,0,0,0,0,0,0,1,0,0,0,0,3,0,1
306,2,120,306,2010,#N/A,2011,2012,1,2,3,3,11,2,0.275146969,2,1,0,0,0,0,19,0,0,1,0,0,0,0,0,0,0,0,0,1,1,0,0,3,1,1
307,2,151,307,2004,2013,2009,2012,5,8,3,4,4,3,1,0,1,0,0,0,0,29,0,0,0,0,0,0,0,0,0,1,1,0,0,0,1,1,3,1,0
308,12,173,308,2002,#N/A,2005,2006,3,4,0,7,1,2,0.249727278,2,0,0,1,0,0,27,0,0,0,0,0,0,0,0,0,1,0,0,0,0,1,1,4,1,1
309,22,65,309,2008,2011,2010,2010,1,2,0,0,2,2,0.050341177,1,0,0,0,0,1,2,0,0,0,0,0,0,0,0,0,1,1,0,0,0,0,0,1,1,0
310,31,96,310,2005,#N/A,2007,2008,2,3,4,7,4,2,0.158640053,3,0,0,0,0,1,31,1,0,0,0,0,0,0,0,0,0,0,0,1,1,0,0,1,1,1
311,2,146,311,2000,#N/A,2006,2006,6,6,4,4,3,1,0.529343877,1,1,0,0,0,0,4,0,0,0,0,0,0,0,1,0,0,0,0,0,0,1,0,1,1,1
312,2,151,312,2002,#N/A,2005,2010,3,8,4,4,7,4,0.535804715,1,1,0,0,0,0,31,1,0,0,0,0,0,0,0,0,0,1,0,1,1,1,0,2,1,1
313,23,111,313,2005,#N/A,2005,2006,0,0,2,8,15,2,0.073907751,4,0,1,0,0,0,34,0,1,0,0,0,0,0,0,0,0,0,0,1,1,0,0,5,1,1
314,2,105,314,2007,#N/A,2012,2012,5,5,4,6,7,1,0.105682364,2,1,0,0,0,0,9,0,0,0,1,0,0,0,0,0,0,0,0,1,0,0,0,1,0,1
315,2,28,315,2007,#N/A,2007,2009,0,2,3,5,9,3,0.053042421,3,1,0,0,0,0,21,0,0,0,0,0,0,0,0,0,1,1,1,1,0,0,0,1,1,1
316,12,92,316,2006,#N/A,2007,2008,1,2,2,5,10,2,0.177704821,3,0,0,1,0,0,34,0,1,0,0,0,0,0,0,0,0,0,0,1,1,0,0,2,1,1
317,2,152,317,2004,2008,2006,2008,2,4,2,4,5,2,0.103564057,3,1,0,0,0,0,19,0,0,1,0,0,0,0,0,0,0,0,0,1,1,0,0,1,1,0
318,32,15,318,2001,2012,2005,2005,4,4,5,5,3,1,0.105682364,1,0,0,0,0,1,31,1,0,0,0,0,0,0,0,0,0,1,0,0,0,0,0,5,1,0
319,23,183,319,2001,#N/A,2005,2005,4,4,3,4,2,1,0.232780818,0,0,1,0,0,0,25,0,0,0,0,0,0,0,0,0,1,0,0,0,0,1,0,3,1,1
320,2,144,320,2007,#N/A,2010,2011,3,4,3,4,7,2,0.042133137,2,1,0,0,0,0,31,1,0,0,0,0,0,0,0,0,0,0,1,1,0,0,0,8,1,1
321,23,111,321,2006,2009,2006,2008,0,1,0,0,2,2,0.228544203,1,0,1,0,0,0,9,0,0,0,1,0,0,0,0,0,0,1,0,1,0,0,0,2,1,0
322,2,105,322,2004,#N/A,2006,2006,2,2,4,9,5,1,0.162029345,3,1,0,0,0,0,28,0,0,0,0,0,0,0,0,0,1,0,0,1,0,0,0,6,1,1
323,2,89,323,2009,2012,2009,2010,0,1,1,1,1,2,0.070730289,1,1,0,0,0,0,18,0,0,0,0,0,0,0,0,0,1,0,1,1,0,0,0,2,1,0
324,2,62,324,2003,2013,2007,2010,3,7,2,7,3,4,0.592893104,2,1,0,0,0,0,7,0,0,0,0,0,0,1,0,0,0,1,0,0,1,1,0,3,1,0
325,29,11,325,2010,#N/A,2011,2011,1,1,2,2,5,1,0.052724675,1,0,0,0,1,0,2,0,0,0,0,0,0,0,0,0,1,0,0,1,0,0,0,2,1,1
326,9,40,326,2004,#N/A,2004,2005,0,1,2,9,16,2,0.169231591,4,0,0,0,0,1,34,0,1,0,0,0,0,0,0,0,0,0,0,1,1,0,0,4,1,1
327,23,111,327,2007,#N/A,2008,2009,0,1,0,4,6,2,0.011205847,2,0,1,0,0,0,34,0,1,0,0,0,0,0,0,0,0,0,1,0,0,0,0,2,1,1
328,2,144,328,2006,#N/A,2006,2007,0,1,1,5,4,2,0.065434521,4,1,0,0,0,0,12,0,0,0,0,0,1,0,0,0,0,0,1,1,0,0,0,2,1,1
329,23,111,329,2009,#N/A,2010,2011,1,2,2,4,8,2,0.025186677,2,0,1,0,0,0,19,0,0,1,0,0,0,0,0,0,0,0,1,1,0,0,0,6,1,1
330,23,111,330,2007,2008,2007,2007,0,0,0,0,2,1,0.105682364,1,0,1,0,0,0,12,0,0,0,0,0,1,0,0,0,0,0,0,1,0,0,0,2,0,0
331,2,144,331,2004,#N/A,2005,2012,0,7,2,2,6,6,0.785214247,1,1,0,0,0,0,28,0,0,0,0,0,0,0,0,0,1,1,0,0,0,1,1,3,1,1
332,2,143,332,2008,2012,2007,2008,0,0,3,4,5,2,0.105682364,0,1,0,0,0,0,19,0,0,1,0,0,0,0,0,0,0,1,1,0,0,0,0,1,1,0
333,23,111,333,2011,#N/A,2011,2012,0,1,0,2,3,4,0.088735904,3,0,1,0,0,0,31,1,0,0,0,0,0,0,0,0,0,0,1,1,0,0,0,3,1,1
334,32,154,334,2005,2011,2008,2008,3,3,1,7,3,1,0.086617596,3,0,0,0,0,1,34,0,1,0,0,0,0,0,0,0,0,1,0,0,0,0,0,1,1,0
335,2,90,335,2011,2012,2011,2011,0,0,0,1,3,1,0.042133137,2,1,0,0,0,0,34,0,1,0,0,0,0,0,0,0,0,0,0,0,0,0,0,1,0,0
336,3,27,336,2001,#N/A,2006,2006,5,5,5,5,3,1,0.137456978,1,0,0,0,0,1,31,1,0,0,0,0,0,0,0,0,0,1,0,0,0,0,0,1,1,1
337,2,57,337,2005,2011,2006,2006,1,1,3,4,0,1,0.084499289,0,1,0,0,0,0,34,0,1,0,0,0,0,0,0,0,0,0,0,1,0,0,0,3,0,0
338,2,105,338,2010,2013,2010,2011,0,1,1,1,3,5,0.003685855,1,1,0,0,0,0,19,0,0,1,0,0,0,0,0,0,0,1,1,0,0,0,0,2,1,0
339,25,127,339,2009,#N/A,2011,2011,2,2,3,4,5,1,0.027304984,2,0,0,0,0,1,19,0,0,1,0,0,0,0,0,0,0,0,0,1,0,0,0,1,0,1
340,12,22,340,2008,#N/A,2010,2010,2,2,0,2,4,1,0.052724675,3,0,0,1,0,0,27,0,0,0,0,0,0,0,0,0,1,0,0,1,0,0,0,2,1,1
341,29,11,341,2005,#N/A,2005,2007,0,2,1,4,11,2,0.194651282,2,0,0,0,1,0,34,0,1,0,0,0,0,0,0,0,0,0,0,1,1,0,0,1,1,1
342,2,19,342,2010,2013,2009,2010,1,0,3,4,0,4,0.009001812,0,1,0,0,0,0,34,0,1,0,0,0,0,0,0,0,0,0,1,0,0,0,0,1,0,0
343,3,64,343,2001,#N/A,2007,2007,6,6,1,1,2,1,0.211597742,1,0,0,0,0,1,31,1,0,0,0,0,0,0,0,0,0,1,0,0,0,0,0,1,0,1
344,32,154,344,2010,2011,2010,2010,0,0,0,0,3,1,2.11831E-05,1,0,0,0,0,1,12,0,0,0,0,0,1,0,0,0,0,0,1,0,0,0,0,1,1,0
345,13,42,345,2006,2012,2010,2010,4,4,3,4,3,2,0.047587017,0,0,0,0,0,1,4,0,0,0,0,0,0,0,1,0,0,1,0,0,0,0,0,1,0,0
346,23,111,346,2011,#N/A,2011,2011,0,0,0,2,4,2,0.02058995,2,0,1,0,0,0,18,0,0,0,0,0,0,0,0,0,1,0,1,0,0,0,0,6,1,1
347,2,89,347,2007,#N/A,2009,2010,1,2,2,3,15,2,0.868273087,2,1,0,0,0,0,10,0,0,0,0,0,0,0,0,0,1,0,0,0,1,1,0,1,1,1
348,29,2,348,2003,2010,2006,2008,3,5,3,4,0,3,0.192532974,0,0,0,0,1,0,31,1,0,0,0,0,0,0,0,0,0,1,0,0,1,1,0,1,0,0
349,2,106,349,2004,2013,2007,2012,2,7,2,6,6,3,0.539937533,3,1,0,0,0,0,31,1,0,0,0,0,0,0,0,0,0,1,0,0,1,0,0,2,1,0
350,2,144,350,2010,#N/A,2010,2010,0,0,1,1,3,1,0.008240216,2,1,0,0,0,0,34,0,1,0,0,0,0,0,0,0,0,0,1,0,0,0,0,1,1,1
351,2,144,351,2007,#N/A,2007,2007,0,0,0,3,4,1,0.010358524,2,1,0,0,0,0,21,0,0,0,0,0,0,0,0,0,1,0,0,1,0,0,0,4,1,1
352,9,73,352,2007,#N/A,2008,2010,1,3,2,2,6,2,0.099327442,1,0,0,0,0,1,28,0,0,0,0,0,0,0,0,0,1,1,0,1,0,0,0,1,1,1
353,12,30,353,2006,2008,2008,2008,2,2,0,0,1,1,0.635259255,1,0,0,1,0,0,7,0,0,0,0,0,0,1,0,0,0,1,0,0,0,0,0,2,1,1
354,12,84,354,2003,#N/A,2005,2012,2,9,7,7,13,5,0.825906935,1,0,0,1,0,0,31,1,0,0,0,0,0,0,0,0,0,0,0,0,1,1,1,3,1,1
355,12,173,355,2000,#N/A,2000,2001,0,1,3,4,7,3,0.889456162,0,0,0,1,0,0,1,0,0,0,0,1,0,0,0,0,0,0,0,1,1,1,0,2,1,1
356,2,72,356,2001,#N/A,2005,2010,4,9,4,9,5,3,0.518975608,2,1,0,0,0,0,9,0,0,0,1,0,0,0,0,0,0,1,0,1,1,0,0,2,1,1
357,2,120,357,2000,2011,2005,2005,5,5,3,4,0,1,0.052724675,0,1,0,0,0,0,31,1,0,0,0,0,0,0,0,0,0,1,0,0,0,0,0,2,1,0
358,23,111,358,2001,#N/A,2006,2006,5,5,3,4,6,1,0.31751312,0,0,1,0,0,0,12,0,0,0,0,0,1,0,0,0,0,0,0,0,0,1,0,4,1,1
359,2,144,359,2006,2013,2007,2010,1,4,1,5,5,2,0.018619902,2,1,0,0,0,0,19,0,0,1,0,0,0,0,0,0,0,1,1,0,0,0,0,3,1,0
360,2,57,360,2001,#N/A,2005,2005,4,4,3,3,6,1,0.338696196,1,1,0,0,0,0,31,1,0,0,0,0,0,0,0,0,0,0,0,0,1,0,0,3,1,1
361,2,144,361,2005,#N/A,2007,2007,2,2,2,8,5,1,0.148048516,4,1,0,0,0,0,34,0,1,0,0,0,0,0,0,0,0,0,0,0,1,0,0,2,1,1
362,23,111,362,2010,2013,2011,2011,0,0,3,4,3,2,0.001885294,0,0,1,0,0,0,1,0,0,0,0,1,0,0,0,0,0,0,1,0,0,0,0,1,0,0
363,23,111,363,2007,#N/A,2009,2009,1,1,1,4,13,1,0.0315416,3,0,1,0,0,0,20,0,0,0,0,0,0,0,0,0,1,0,0,1,0,0,0,1,0,1
364,2,144,364,2009,2012,2009,2009,0,0,3,4,3,1,0.000296563,0,1,0,0,0,0,34,0,1,0,0,0,0,0,0,0,0,0,1,0,0,0,0,1,0,0
365,2,147,365,2005,2011,2006,2008,1,3,3,3,10,2,0.256082201,1,1,0,0,0,0,34,0,1,0,0,0,0,0,0,0,0,0,0,1,1,0,0,1,1,0
366,2,144,366,2001,#N/A,2005,2006,4,5,5,5,9,2,0.423428499,1,1,0,0,0,0,31,1,0,0,0,0,0,0,0,0,0,0,0,0,0,1,1,4,1,1
367,2,144,367,2008,#N/A,2008,2010,0,2,4,4,7,2,0.133220363,1,1,0,0,0,0,18,0,0,0,0,0,0,0,0,0,1,0,0,1,1,0,0,2,1,1
368,23,111,368,2010,2013,2012,2012,2,2,1,3,8,1,0.004003601,3,0,1,0,0,0,19,0,0,1,0,0,0,0,0,0,0,0,1,0,0,0,0,2,1,0
369,24,41,369,2011,2013,2011,2011,0,0,0,0,2,1,0.000190648,1,0,0,0,0,1,10,0,0,0,0,0,0,0,0,0,1,0,1,0,0,0,0,1,0,0
370,12,116,370,2003,#N/A,2003,2006,0,3,6,9,13,2,0.245490663,3,0,0,1,0,0,13,0,0,0,0,0,0,0,0,0,1,0,0,1,0,1,0,2,1,1
371,2,105,371,2006,#N/A,2006,2006,0,0,0,5,6,1,0.193592128,2,1,0,0,0,0,34,0,1,0,0,0,0,0,0,0,0,0,0,1,0,0,0,2,1,1
372,24,41,372,2009,2013,2009,2009,0,0,0,0,2,1,0.025186677,2,0,0,0,0,1,1,0,0,0,0,1,0,0,0,0,0,0,0,1,0,0,0,4,1,0
373,2,89,373,2010,2012,2011,2011,1,1,1,1,4,1,0.035778215,2,1,0,0,0,0,30,0,0,0,0,0,0,0,0,0,1,0,0,0,0,0,0,7,1,0
374,2,28,374,2007,2011,2007,2009,0,2,0,4,9,3,0.029741038,4,1,0,0,0,0,30,0,0,0,0,0,0,0,0,0,1,1,1,0,0,0,0,1,1,1
375,2,144,375,2005,#N/A,2006,2008,1,3,5,7,16,2,0.088735904,2,1,0,0,0,0,9,0,0,0,1,0,0,0,0,0,0,0,0,1,1,0,0,1,1,1
376,12,22,376,2007,#N/A,2007,2008,0,1,4,6,7,2,0.010358524,2,0,0,1,0,0,34,0,1,0,0,0,0,0,0,0,0,0,1,1,0,0,0,2,0,1
377,29,137,377,2002,#N/A,2007,2007,5,5,3,4,1,1,0.455203112,0,0,0,0,1,0,25,0,0,0,0,0,0,0,0,0,1,0,0,0,0,1,0,4,1,1
378,30,85,378,2006,#N/A,2006,2008,0,1,2,4,4,2,0.211597742,2,0,0,0,0,1,34,0,1,0,0,0,0,0,0,0,0,0,0,1,0,0,0,2,0,1
379,2,89,379,2004,2011,2005,2006,1,2,4,4,7,2,0.201006205,1,1,0,0,0,0,31,1,0,0,0,0,0,0,0,0,0,0,0,1,1,0,0,2,1,0
380,21,4,380,2007,2012,2009,2012,2,5,3,4,4,2,0.293682182,0,0,0,0,0,1,5,0,0,0,0,0,0,0,0,0,1,0,0,0,0,0,0,10,1,0
381,2,120,381,2005,#N/A,2005,2010,0,5,1,1,10,3,0.418000759,1,1,0,0,0,0,31,1,0,0,0,0,0,0,0,0,0,0,0,0,1,1,0,2,1,1
382,12,22,382,2008,#N/A,2010,2012,2,4,2,2,5,5,0.024720649,1,0,0,1,0,0,31,1,0,0,0,0,0,0,0,0,0,0,1,0,0,0,0,5,1,1
383,2,120,383,2005,#N/A,2005,2007,0,2,2,3,5,3,0.529343877,2,1,0,0,0,0,28,0,0,0,0,0,0,0,0,0,1,0,0,1,1,0,0,2,1,1
384,26,18,384,2004,#N/A,2005,2007,1,3,3,4,1,3,0.511338262,0,0,0,0,0,1,29,0,0,0,0,0,0,0,0,0,1,1,0,1,1,0,0,2,1,1
385,2,151,385,2004,#N/A,2005,2007,1,3,4,9,11,2,0.762357709,3,1,0,0,0,0,13,0,0,0,0,0,0,0,0,0,1,0,0,1,1,0,0,3,1,1
386,17,139,386,2006,2010,2008,2008,1,1,3,4,1,1,0.004109517,0,0,0,0,0,1,21,0,0,0,0,0,0,0,0,0,1,0,1,0,0,0,0,1,0,0
387,2,120,387,2007,2012,2006,2006,1,1,0,0,1,1,0.042133137,1,1,0,0,0,0,34,0,1,0,0,0,0,0,0,0,0,0,0,0,0,0,0,1,0,0
388,23,112,388,2010,2012,2010,2010,0,0,1,2,15,1,0.084499289,2,0,1,0,0,0,19,0,0,1,0,0,0,0,0,0,0,0,0,1,0,0,0,3,1,0
389,23,111,389,2009,2011,2010,2010,0,0,0,2,2,1,0.010358524,2,0,1,0,0,0,7,0,0,0,0,0,0,1,0,0,0,0,1,0,0,0,0,1,1,0
390,29,11,390,2006,2010,2007,2007,0,0,1,3,9,1,0.084499289,2,0,0,0,1,0,27,0,0,0,0,0,0,0,0,0,1,0,0,1,0,0,0,2,1,0
391,23,26,391,2010,2012,2010,2012,0,2,2,2,8,2,0.191050159,2,0,1,0,0,0,34,0,1,0,0,0,0,0,0,0,0,0,1,1,0,0,0,4,1,0
392,2,89,392,2011,2012,2012,2012,0,0,0,0,2,1,0.000190648,1,1,0,0,0,0,18,0,0,0,0,0,0,0,0,0,1,0,1,0,0,0,0,1,0,0
393,12,29,393,2004,#N/A,2007,2010,3,6,4,6,3,3,0.311158198,2,0,0,1,0,0,17,0,0,0,0,0,0,0,0,0,1,1,0,0,1,0,0,1,0,1
394,2,120,394,2007,#N/A,2006,2007,0,0,0,1,4,3,0.008875709,2,1,0,0,0,0,12,0,0,0,0,0,1,0,0,0,0,0,1,0,0,0,0,1,0,1
395,2,147,395,2011,#N/A,2012,2012,1,1,0,0,5,2,0.021267808,1,1,0,0,0,0,9,0,0,0,1,0,0,0,0,0,0,1,0,1,0,0,0,1,0,1
396,2,98,396,2009,2013,2009,2009,0,0,0,0,2,1,0.025186677,1,1,0,0,0,0,34,0,1,0,0,0,0,0,0,0,0,1,0,0,0,0,0,2,1,0
397,26,110,397,2005,#N/A,2007,2008,1,3,3,7,16,2,0.361997579,4,0,0,0,0,1,34,0,1,0,0,0,0,0,0,0,0,0,0,1,1,0,0,2,1,1
398,2,89,398,2006,2012,2006,2006,0,0,3,4,3,1,0.018831754,0,1,0,0,0,0,31,1,0,0,0,0,0,0,0,0,0,0,0,1,0,0,0,1,1,0
399,23,111,399,2002,#N/A,2002,2009,0,7,8,9,5,2,0.319631428,3,0,1,0,0,0,1,0,0,0,0,1,0,0,0,0,0,0,1,1,0,0,0,1,0,1
400,2,135,400,2006,#N/A,2008,2011,1,4,3,6,15,4,0.313276505,3,1,0,0,0,0,19,0,0,1,0,0,0,0,0,0,0,1,0,0,1,1,0,2,1,1
401,29,172,401,2007,2011,2008,2008,0,0,3,4,1,1,0.000402478,0,0,0,0,1,0,31,1,0,0,0,0,0,0,0,0,0,0,1,0,0,0,0,1,0,0
402,2,151,402,2000,2007,2006,2006,6,6,6,6,10,1,0.470031265,1,1,0,0,0,0,25,0,0,0,0,0,0,0,0,0,1,0,0,0,0,0,0,9,1,0
403,3,24,403,2007,#N/A,2007,2007,0,0,0,2,6,2,0.008557963,2,0,0,0,0,1,21,0,0,0,0,0,0,0,0,0,1,0,1,0,0,0,0,1,1,1
404,23,111,404,2007,#N/A,2007,2010,0,3,3,4,16,4,0.573061106,4,0,1,0,0,0,34,0,1,0,0,0,0,0,0,0,0,0,0,1,1,1,0,3,1,1
405,2,34,405,2003,#N/A,2006,2006,3,3,5,5,6,1,0.065434521,1,1,0,0,0,0,1,0,0,0,0,1,0,0,0,0,0,0,0,1,0,0,0,5,1,1
406,2,98,406,2005,2010,2007,2008,2,3,3,7,13,2,0.698808482,4,0,0,0,0,0,27,0,0,0,0,0,0,0,0,0,1,0,0,1,1,0,0,2,1,0
407,2,98,407,2005,#N/A,2005,2008,0,3,5,8,17,5,0.599248026,4,1,0,0,0,0,34,0,1,0,0,0,0,0,0,0,0,0,1,1,1,1,1,2,1,1
408,9,40,408,2009,#N/A,2010,2011,1,2,2,2,5,3,0.032071176,2,0,0,0,0,1,7,0,0,0,0,0,0,1,0,0,0,0,1,0,0,0,0,2,1,1
409,23,112,409,2011,#N/A,2012,2012,0,0,0,1,9,1,0.025186677,3,0,1,0,0,0,33,0,0,0,0,0,0,0,0,0,1,0,1,0,0,0,0,5,1,1
410,2,105,410,2005,#N/A,2005,2009,0,4,3,7,6,3,0.262437124,4,1,0,0,0,0,34,0,1,0,0,0,0,0,0,0,0,1,0,1,1,0,0,1,1,1
411,26,176,411,2006,2012,2010,2010,4,4,3,4,1,1,0.001885294,0,0,0,0,0,1,4,0,0,0,0,0,0,0,1,0,0,1,0,0,0,0,0,1,1,0
412,2,144,412,2003,#N/A,2005,2010,2,7,7,7,4,3,0.232780818,1,1,0,0,0,0,31,1,0,0,0,0,0,0,0,0,0,1,1,0,1,0,0,1,1,1
413,28,108,413,2010,#N/A,2011,2012,1,2,1,1,3,2,0.014065562,1,0,0,0,0,1,34,0,1,0,0,0,0,0,0,0,0,0,1,0,0,0,0,1,0,1
414,2,162,414,2005,#N/A,2005,2007,0,2,3,4,5,2,0.275146969,0,1,0,0,0,0,31,1,0,0,0,0,0,0,0,0,0,0,0,1,1,0,0,2,1,1
415,23,111,415,2010,#N/A,2010,2010,0,0,1,2,5,1,0.073907751,2,0,1,0,0,0,30,0,0,0,0,0,0,0,0,0,1,0,0,0,0,0,0,2,1,1
416,12,14,416,2001,2010,2005,2005,4,4,0,0,2,1,0.253963894,1,0,0,1,0,0,13,0,0,0,0,0,0,0,0,0,1,0,0,0,0,1,0,4,1,0
417,28,108,417,2007,#N/A,2007,2013,0,6,3,3,2,3,0.323580271,1,0,0,0,0,1,24,0,0,0,0,0,0,0,0,0,1,0,0,1,0,0,0,1,0,1
418,2,144,418,2008,#N/A,2008,2008,0,0,1,3,5,1,0.067552828,3,1,0,0,0,0,34,0,1,0,0,0,0,0,0,0,0,0,0,1,0,0,0,1,1,1
419,32,132,419,2011,2012,2011,2011,0,0,0,0,1,1,0.000402478,1,0,0,0,0,1,1,0,0,0,0,1,0,0,0,0,0,0,1,0,0,0,0,2,0,0
420,12,25,420,2001,2010,2006,2006,5,5,3,4,2,1,0.0205264,0,0,0,1,0,0,31,1,0,0,0,0,0,0,0,0,0,0,0,0,0,0,0,1,0,0
421,2,162,421,2004,2010,2007,2007,3,3,3,4,0,1,0.423428499,0,1,0,0,0,0,13,0,0,0,0,0,0,0,0,0,1,0,0,0,1,0,0,3,1,0
422,32,154,422,2004,2011,2004,2004,0,0,3,4,4,1,0.0315416,0,0,0,0,0,1,34,0,1,0,0,0,0,0,0,0,0,0,0,0,0,0,0,3,0,0
423,2,152,423,2004,#N/A,2008,2009,4,5,6,6,0,2,0.169231591,1,1,0,0,0,0,12,0,0,0,0,0,1,0,0,0,0,0,0,1,0,0,0,1,1,1
424,2,147,424,2005,#N/A,2006,2010,0,4,3,4,13,4,0.533580492,3,1,0,0,0,0,31,1,0,0,0,0,0,0,0,0,0,0,0,1,1,1,1,4,1,1
425,2,151,425,2006,#N/A,2007,2010,1,4,2,5,12,4,0.980543387,4,1,0,0,0,0,12,0,0,0,0,0,1,0,0,0,0,1,0,1,1,1,0,4,1,1
426,2,147,426,2006,2008,2006,2007,0,1,1,1,1,2,0.158640053,1,1,0,0,0,0,12,0,0,0,0,0,1,0,0,0,0,0,0,1,0,0,0,1,0,0
427,2,120,427,2003,#N/A,2006,2006,3,3,3,7,19,1,0.306921583,3,1,0,0,0,0,9,0,0,0,1,0,0,0,0,0,0,0,0,0,0,1,0,9,1,1
428,32,15,428,2007,2012,2009,2009,2,2,1,1,1,1,0.614076179,1,0,0,0,0,1,12,0,0,0,0,0,1,0,0,0,0,1,0,0,0,0,0,5,1,0
429,2,162,429,2005,#N/A,2005,2008,0,3,5,5,5,3,0.508160801,1,1,0,0,0,0,21,0,0,0,0,0,0,0,0,0,1,0,0,1,1,1,0,2,1,1
430,2,144,430,2007,#N/A,2009,2009,1,2,2,5,4,2,0.020950062,3,1,0,0,0,0,2,0,0,0,0,0,0,0,0,0,1,0,1,0,0,0,0,4,1,1
431,3,91,431,2010,#N/A,2011,2011,1,1,2,2,14,2,0.254175724,2,0,0,0,0,1,31,1,0,0,0,0,0,0,0,0,0,1,0,1,0,0,0,2,1,1
432,12,182,432,2002,#N/A,2005,2005,3,3,1,8,2,1,0.46579465,3,0,0,1,0,0,19,0,0,1,0,0,0,0,0,0,0,0,0,0,0,1,0,4,1,1
433,2,31,433,2010,#N/A,2011,2011,1,1,0,2,3,1,0.004109517,3,1,0,0,0,0,34,0,1,0,0,0,0,0,0,0,0,0,1,0,0,0,0,7,1,1
434,23,111,434,2008,#N/A,2010,2010,1,1,0,3,5,1,0.07920352,2,0,1,0,0,0,2,0,0,0,0,0,0,0,0,0,1,0,0,1,0,0,0,1,1,1
435,2,120,435,2010,2013,2010,2011,0,0,1,3,11,2,0.868273087,2,1,0,0,0,0,23,0,0,0,0,0,0,0,0,0,1,0,0,1,1,0,0,1,1,0
436,12,25,436,2006,#N/A,2006,2008,0,2,3,5,9,2,0.423428499,2,0,0,1,0,0,9,0,0,0,1,0,0,0,0,0,0,0,0,1,1,0,0,1,1,1
437,2,144,437,2009,#N/A,2010,2013,1,3,1,4,11,2,0.197959655,4,1,0,0,0,0,2,0,0,0,0,0,0,0,0,0,1,0,0,1,1,0,0,1,1,1
438,7,10,438,2007,#N/A,2009,2011,2,4,4,4,9,2,0.287856815,2,0,0,0,0,1,31,1,0,0,0,0,0,0,0,0,0,0,0,0,1,1,0,3,1,1
439,2,144,439,2006,2010,2007,2007,1,1,1,4,19,1,0.063316213,4,1,0,0,0,0,1,0,0,0,0,1,0,0,0,0,0,0,0,1,0,0,0,2,1,1
440,2,144,440,2005,2012,2006,2011,1,6,3,4,4,5,0.447553395,0,1,0,0,0,0,1,0,0,0,0,1,0,0,0,0,0,1,0,1,1,0,0,2,1,0
441,12,30,441,2009,#N/A,2009,2010,0,0,1,2,13,4,0.049441298,3,0,0,1,0,0,9,0,0,0,1,0,0,0,0,0,0,0,1,1,0,0,0,5,1,1
442,2,147,442,2005,2010,2005,2005,0,0,2,3,7,1,0.084499289,4,1,0,0,0,0,34,0,1,0,0,0,0,0,0,0,0,0,0,1,0,0,0,1,0,0
443,2,105,443,2003,2008,2006,2008,3,5,1,3,2,2,0.359879272,2,1,0,0,0,0,31,1,0,0,0,0,0,0,0,0,0,1,0,0,0,1,0,3,1,0
444,23,111,444,2009,#N/A,2010,2010,1,1,1,1,8,1,0.023068369,1,0,1,0,0,0,34,0,1,0,0,0,0,0,0,0,0,0,1,0,0,0,0,8,1,1
445,11,84,445,2010,#N/A,2010,2011,0,0,0,0,3,4,0.001031616,1,0,0,0,0,1,31,1,0,0,0,0,0,0,0,0,0,0,1,0,0,0,0,1,1,1
446,2,98,446,2008,#N/A,2008,2008,0,0,2,3,12,1,0.049547214,3,1,0,0,0,0,9,0,0,0,1,0,0,0,0,0,0,0,0,1,0,0,0,2,1,1
447,31,37,447,2006,2010,2007,2007,1,1,1,1,2,1,0.211597742,1,0,0,0,0,1,31,1,0,0,0,0,0,0,0,0,0,0,0,1,0,0,0,2,1,0
448,2,120,448,2011,2013,2011,2012,0,1,0,0,2,2,0.000215834,1,1,0,0,0,0,19,0,0,1,0,0,0,0,0,0,0,1,1,0,0,0,0,1,1,0
449,12,173,449,2004,#N/A,2006,2009,2,5,7,8,7,3,0.592893104,2,0,0,1,0,0,31,1,0,0,0,0,0,0,0,0,0,0,0,1,1,1,0,2,1,1
450,2,151,450,2002,2011,2005,2005,3,3,3,4,0,1,0.201006205,0,1,0,0,0,0,31,1,0,0,0,0,0,0,0,0,0,1,0,0,0,0,0,2,0,0
451,31,96,451,2003,#N/A,2005,2009,2,6,2,7,11,3,0.497569263,2,0,0,0,0,1,19,0,0,1,0,0,0,0,0,0,0,1,0,0,1,1,0,3,1,1
452,25,79,452,2002,#N/A,2006,2006,4,4,6,6,6,1,0.275146969,1,0,0,0,0,1,31,1,0,0,0,0,0,0,0,0,0,0,0,0,0,0,1,4,1,1
453,23,111,453,2005,#N/A,2006,2008,1,3,3,3,8,2,0.460498881,2,0,1,0,0,0,12,0,0,0,0,0,1,0,0,0,0,1,0,0,1,0,0,2,1,1
454,26,6,454,2000,2011,2005,2005,5,5,3,4,0,1,0.121569671,0,0,0,0,0,1,25,0,0,0,0,0,0,0,0,0,1,0,0,0,0,1,0,4,1,0
455,14,165,455,2005,#N/A,2005,2006,0,1,0,0,1,2,0.495450956,1,0,0,0,0,1,31,1,0,0,0,0,0,0,0,0,0,0,0,1,1,0,0,2,1,1
456,2,135,456,2007,2009,2008,2008,1,1,0,3,4,1,0.090854211,3,1,0,0,0,0,1,0,0,0,0,1,0,0,0,0,0,0,0,1,0,0,0,2,1,0
457,29,11,457,2005,#N/A,2007,2010,2,4,0,0,1,2,0.423428499,1,0,0,0,1,0,28,0,0,0,0,0,0,0,0,0,1,1,0,0,0,1,0,2,1,1
458,12,47,458,2000,#N/A,2003,2010,3,10,3,3,2,4,0.573870575,1,0,0,1,0,0,9,0,0,0,1,0,0,0,0,0,0,1,0,0,1,0,0,4,1,1
459,2,45,459,2001,#N/A,2006,2006,5,5,4,4,6,1,0.137033316,1,1,0,0,0,0,25,0,0,0,0,0,0,0,0,0,1,0,0,0,0,0,1,3,1,1
460,2,162,460,2007,#N/A,2007,2009,0,2,2,4,8,2,0.741174633,2,1,0,0,0,0,9,0,0,0,1,0,0,0,0,0,0,0,0,1,1,0,0,2,1,1
461,12,22,461,2010,2013,2006,2010,3,0,0,0,5,3,0.239135741,2,0,0,1,0,0,34,0,1,0,0,0,0,0,0,0,0,1,0,0,1,1,0,1,1,0
462,7,83,462,2012,2013,2012,2012,0,0,0,0,1,1,0.000169465,1,0,0,0,0,1,7,0,0,0,0,0,0,1,0,0,0,0,1,0,0,0,0,1,0,0
463,23,118,463,2011,2013,2012,2012,0,0,3,4,4,1,0.012476832,0,0,1,0,0,0,34,0,1,0,0,0,0,0,0,0,0,0,1,0,0,0,0,2,0,0
464,13,8,464,2000,#N/A,2005,2006,5,6,6,6,3,2,0.275146969,1,0,0,0,0,1,21,0,0,0,0,0,0,0,0,0,1,0,0,1,1,0,0,1,1,1
465,2,105,465,2005,2009,2005,2008,0,2,2,4,7,5,0.923349083,3,1,0,0,0,0,27,0,0,0,0,0,0,0,0,0,1,0,0,1,1,1,1,3,1,0
466,2,105,466,2008,#N/A,2010,2011,2,3,2,3,6,2,0.042133137,2,1,0,0,0,0,34,0,1,0,0,0,0,0,0,0,0,1,0,1,0,0,0,1,1,1
467,29,11,467,2001,#N/A,2003,2005,2,4,6,6,4,3,0.567473413,1,0,0,0,1,0,31,1,0,0,0,0,0,0,0,0,0,0,0,1,1,1,0,3,1,1
468,2,105,468,2005,#N/A,2006,2007,1,2,3,7,14,2,0.232780818,3,1,0,0,0,0,19,0,0,1,0,0,0,0,0,0,0,0,0,1,1,0,0,2,1,1
469,2,151,469,2009,#N/A,2009,2011,0,2,3,3,19,3,0.667033868,1,1,0,0,0,0,9,0,0,0,1,0,0,0,0,0,0,0,0,1,1,1,0,3,1,1
470,5,175,470,2009,#N/A,2012,2012,3,3,0,4,4,1,0.0315416,2,0,0,0,0,1,9,0,0,0,1,0,0,0,0,0,0,1,0,0,0,0,0,2,0,1
471,23,111,471,2011,2013,2011,2012,0,1,0,1,5,3,0.018831754,3,0,1,0,0,0,30,0,0,0,0,0,0,0,0,0,1,0,1,0,0,0,0,1,1,0
472,12,29,472,2007,#N/A,2007,2011,0,4,1,4,10,4,0.615135333,2,0,0,1,0,0,31,1,0,0,0,0,0,0,0,0,0,1,0,0,1,0,0,2,1,1
473,22,82,473,2011,#N/A,2011,2013,0,2,2,2,3,2,0.005062755,2,0,0,0,0,1,22,0,0,0,0,0,0,0,0,0,1,0,1,0,0,0,0,1,1,1
474,2,151,474,2003,2011,2006,2006,3,3,3,4,2,1,0.444611574,0,1,0,0,0,0,31,1,0,0,0,0,0,0,0,0,0,0,0,0,0,1,0,4,1,0
475,2,144,475,2010,2012,2010,2010,0,0,0,0,2,1,0.010358524,1,1,0,0,0,0,34,0,1,0,0,0,0,0,0,0,0,0,1,0,0,0,0,1,0,0
476,29,137,476,2000,#N/A,2005,2006,5,6,4,4,3,2,0.654747684,1,0,0,0,1,0,25,0,0,0,0,0,0,0,0,0,1,1,0,0,0,0,0,3,1,1
477,2,162,477,2002,#N/A,2004,2010,2,8,6,6,9,4,0.620197643,1,1,0,0,0,0,31,1,0,0,0,0,0,0,0,0,0,1,0,1,1,1,0,2,1,1
478,2,88,478,2006,#N/A,2007,2007,1,1,1,5,4,1,0.020950062,3,1,0,0,0,0,34,0,1,0,0,0,0,0,0,0,0,0,0,1,0,0,0,1,0,1
479,16,102,479,2003,#N/A,2004,2006,1,3,5,5,3,2,0.117333056,1,0,0,0,0,1,34,0,1,0,0,0,0,0,0,0,0,0,1,1,0,0,0,1,1,1
480,2,105,480,2009,2013,2009,2011,0,2,0,1,8,2,0.063316213,3,1,0,0,0,0,19,0,0,1,0,0,0,0,0,0,0,0,1,1,0,0,0,3,1,0
481,2,105,481,2005,#N/A,2006,2007,0,1,4,6,13,2,0.302684968,3,1,0,0,0,0,34,0,1,0,0,0,0,0,0,0,0,0,0,1,1,0,0,4,1,1
482,2,143,482,2002,2013,2006,2006,4,4,3,4,0,1,0.020950062,0,1,0,0,0,0,21,0,0,0,0,0,0,0,0,0,1,1,0,0,0,0,0,2,0,0
483,23,111,483,2007,2013,2009,2010,2,3,2,4,7,2,0.042133137,3,0,1,0,0,0,24,0,0,0,0,0,0,0,0,0,1,1,1,0,0,0,0,3,0,0
484,2,144,484,2007,#N/A,2007,2009,0,2,4,4,17,2,0.105682364,2,1,0,0,0,0,34,0,1,0,0,0,0,0,0,0,0,1,1,0,0,0,0,1,1,1
485,2,45,485,2008,#N/A,2010,2010,2,2,3,4,12,1,0.232780818,2,1,0,0,0,0,9,0,0,0,1,0,0,0,0,0,0,0,0,0,1,0,0,3,1,1
486,2,135,486,2008,#N/A,2008,2011,0,3,3,4,19,4,0.298448352,4,1,0,0,0,0,9,0,0,0,1,0,0,0,0,0,0,0,1,1,1,0,0,2,1,1
487,2,89,487,2005,2009,2006,2006,0,0,2,2,8,1,0.105682364,1,1,0,0,0,0,27,0,0,0,0,0,0,0,0,0,1,0,0,1,0,0,0,1,0,0
488,32,169,488,2009,2012,2009,2010,0,1,0,0,1,2,0.008240216,1,0,0,0,0,1,34,0,1,0,0,0,0,0,0,0,0,0,1,0,0,0,0,1,0,0
489,2,158,489,2000,#N/A,2007,2007,7,7,4,4,4,1,0.211597742,1,1,0,0,0,0,4,0,0,0,0,0,0,0,1,0,0,0,0,0,0,1,0,1,0,1
490,12,173,490,2005,2011,2005,2009,0,4,2,2,3,3,0.233522226,1,0,0,1,0,0,31,1,0,0,0,0,0,0,0,0,0,1,0,0,1,1,0,1,1,0
491,2,125,491,2008,#N/A,2010,2011,2,3,0,0,3,2,0.439467942,1,1,0,0,0,0,4,0,0,0,0,0,0,0,1,0,0,0,0,0,1,0,0,1,1,1
492,23,111,492,2004,#N/A,2008,2008,3,3,5,6,7,1,0.211597742,3,0,1,0,0,0,1,0,0,0,0,1,0,0,0,0,0,0,0,1,0,0,0,1,0,1
493,2,51,493,2001,2009,2005,2005,4,4,3,4,4,1,0.550526952,0,1,0,0,0,0,25,0,0,0,0,0,0,0,0,0,1,0,0,0,0,0,1,4,1,0
494,4,56,494,2005,2010,2007,2009,2,4,3,4,2,2,0.084499289,0,0,0,0,0,1,18,0,0,0,0,0,0,0,0,0,1,0,0,1,0,0,0,2,1,0
495,2,162,495,2004,#N/A,2006,2007,2,3,3,3,3,2,0.428088775,1,1,0,0,0,0,13,0,0,0,0,0,0,0,0,0,1,0,0,1,1,0,0,3,1,1
496,23,111,496,2001,#N/A,2005,2005,4,4,6,9,7,1,0.211597742,3,0,1,0,0,0,12,0,0,0,0,0,1,0,0,0,0,0,0,0,1,0,0,4,1,1
497,23,111,497,2005,2010,2006,2008,1,3,1,4,8,2,0.155462592,3,0,1,0,0,0,12,0,0,0,0,0,1,0,0,0,0,0,0,1,1,0,0,4,1,0
498,2,146,498,2009,2013,2010,2010,0,0,0,0,1,1,0.00082614,1,1,0,0,0,0,18,0,0,0,0,0,0,0,0,0,1,0,1,0,0,0,0,1,0,0
499,23,111,499,2009,2013,2010,2010,1,1,1,3,5,1,0.020950062,3,0,1,0,0,0,10,0,0,0,0,0,0,0,0,0,1,0,0,1,0,0,0,7,1,0
500,2,105,500,2003,2012,2005,2009,2,6,7,8,16,4,0.953005389,2,1,0,0,0,0,28,0,0,0,0,0,0,0,0,0,1,0,0,1,1,1,0,2,1,0
501,32,154,501,2008,2012,2009,2009,1,1,1,1,3,1,0.010358524,2,0,0,0,0,1,7,0,0,0,0,0,0,1,0,0,0,0,0,1,0,0,0,1,1,0
502,2,144,502,2008,2011,2008,2009,0,1,3,4,6,2,0.010358524,0,1,0,0,0,0,31,1,0,0,0,0,0,0,0,0,0,0,0,0,0,0,0,1,1,0
503,29,11,503,2004,#N/A,2005,2007,1,3,3,3,2,3,0.931822313,1,0,0,0,1,0,29,0,0,0,0,0,0,0,0,0,1,0,0,1,1,1,0,4,1,1
504,2,89,504,2009,#N/A,2009,2010,0,1,1,2,12,2,0.402245423,2,1,0,0,0,0,12,0,0,0,0,0,1,0,0,0,0,0,0,1,1,0,0,3,1,1
505,2,98,505,2006,2012,2007,2010,1,4,3,4,0,3,0.3958905,0,1,0,0,0,0,29,0,0,0,0,0,0,0,0,0,1,1,0,1,0,0,0,2,1,0
506,2,142,506,2009,#N/A,2010,2010,1,1,1,2,6,1,0.211597742,2,1,0,0,0,0,31,1,0,0,0,0,0,0,0,0,0,0,0,1,0,0,0,7,1,1
507,6,163,507,2006,2012,2007,2007,0,0,3,4,5,3,0.124747132,0,0,0,0,0,1,31,1,0,0,0,0,0,0,0,0,0,0,1,0,0,0,0,1,0,0
508,12,94,508,2004,#N/A,2007,2008,3,4,6,6,13,2,0.592893104,2,0,0,1,0,0,23,0,0,0,0,0,0,0,0,0,1,0,0,0,1,1,0,2,1,1
509,2,45,509,2002,#N/A,2005,2005,3,3,1,1,4,1,0.283620199,1,1,0,0,0,0,25,0,0,0,0,0,0,0,0,0,1,0,0,0,1,0,0,2,1,1
510,2,144,510,2005,#N/A,2009,2010,3,4,4,7,18,3,0.198887897,3,1,0,0,0,0,9,0,0,0,1,0,0,0,0,0,0,0,1,1,1,0,0,1,1,1
511,3,24,511,2005,#N/A,2006,2012,1,7,3,7,10,6,0.324389655,3,0,0,0,0,1,9,0,0,0,1,0,0,0,0,0,0,1,1,1,1,0,0,2,1,1
512,32,154,512,2009,#N/A,2010,2010,1,1,2,4,3,1,0.042133137,2,0,0,0,0,1,34,0,1,0,0,0,0,0,0,0,0,0,0,0,0,0,0,11,1,1
513,16,140,513,2006,2013,2009,2012,3,6,3,4,3,3,0.931822313,0,0,0,0,0,1,17,0,0,0,0,0,0,0,0,0,1,1,0,0,1,1,0,2,1,0
514,26,123,514,2010,2013,2011,2012,1,2,0,0,2,2,0.0246571,1,0,0,0,0,1,31,1,0,0,0,0,0,0,0,0,0,1,0,0,0,0,0,1,0,0
515,12,29,515,2005,#N/A,2006,2010,1,5,2,5,4,3,0.253963894,2,0,0,1,0,0,31,1,0,0,0,0,0,0,0,0,0,1,0,1,1,0,0,2,1,1
516,2,161,516,2002,#N/A,2007,2007,5,5,5,5,4,1,0.635259255,1,1,0,0,0,0,4,0,0,0,0,0,0,0,1,0,0,0,0,0,0,1,0,9,1,1
517,2,147,517,2003,#N/A,2009,2009,6,6,7,7,5,1,0.169231591,1,1,0,0,0,0,28,0,0,0,0,0,0,0,0,0,1,0,0,0,1,0,0,2,1,1
518,2,144,518,2007,#N/A,2009,2009,2,2,2,3,6,1,0.086617596,3,1,0,0,0,0,1,0,0,0,0,1,0,0,0,0,0,0,0,1,0,0,0,2,1,1
519,9,36,519,2008,2013,2009,2011,1,3,3,3,1,2,0.050786424,1,0,0,0,0,1,30,0,0,0,0,0,0,0,0,0,1,0,1,0,0,0,0,3,1,0
520,16,63,520,2006,2012,2007,2008,1,2,3,3,2,2,0.389535578,1,0,0,0,0,1,9,0,0,0,1,0,0,0,0,0,0,1,0,0,0,0,0,1,0,0
521,12,30,521,2003,#N/A,2010,2010,7,7,5,5,7,1,0.614076179,1,0,0,1,0,0,4,0,0,0,0,0,0,0,1,0,0,1,0,0,0,0,0,7,1,1
522,32,154,522,2000,2007,2005,2005,5,5,3,4,0,1,0.184059744,0,0,0,0,0,1,21,0,0,0,0,0,0,0,0,0,1,0,0,1,0,0,0,2,1,0
523,12,30,523,2001,#N/A,2005,2005,4,4,4,9,12,1,0.211597742,2,0,0,1,0,0,19,0,0,1,0,0,0,0,0,0,0,0,0,0,0,1,0,7,1,1
524,12,29,524,2008,#N/A,2008,2010,0,2,2,3,5,2,0.31751312,2,0,0,1,0,0,31,1,0,0,0,0,0,0,0,0,0,0,0,1,1,0,0,2,1,1
525,2,98,525,2008,2009,2008,2008,0,0,0,0,2,1,0.054842983,1,1,0,0,0,0,27,0,0,0,0,0,0,0,0,0,1,0,0,0,0,0,0,1,0,0
526,23,111,526,2011,#N/A,2011,2013,0,1,1,2,7,3,0.084499289,2,0,1,0,0,0,34,0,1,0,0,0,0,0,0,0,0,0,1,1,0,0,0,2,1,1
527,23,111,527,2011,#N/A,2011,2012,0,1,0,2,5,4,0.256587142,3,0,1,0,0,0,8,0,0,0,0,0,0,0,0,0,1,0,1,1,0,0,0,4,1,1
528,32,154,528,2005,#N/A,2006,2008,0,2,2,5,18,3,0.47426788,3,0,0,0,0,1,19,0,0,1,0,0,0,0,0,0,0,1,0,1,1,0,0,3,1,1
529,2,144,529,2009,#N/A,2010,2011,1,2,2,3,12,2,0.120510517,3,1,0,0,0,0,9,0,0,0,1,0,0,0,0,0,0,0,0,1,1,0,0,4,1,1
530,2,98,530,2002,2010,2006,2009,4,7,3,4,2,2,0.603484641,0,1,0,0,0,0,4,0,0,0,0,0,0,0,1,0,0,1,0,0,1,0,0,4,1,0
531,12,179,531,2007,#N/A,2007,2009,0,2,2,2,9,2,0.444611574,1,0,0,1,0,0,31,1,0,0,0,0,0,0,0,0,0,0,0,1,1,0,0,2,1,1
532,2,98,532,2008,2010,2008,2008,0,0,0,0,1,1,0.0315416,1,1,0,0,0,0,12,0,0,0,0,0,1,0,0,0,0,0,0,1,0,0,0,1,1,0
533,12,173,533,2006,#N/A,2007,2009,0,2,2,5,17,3,0.599248026,4,0,0,1,0,0,1,0,0,0,0,1,0,0,0,0,0,0,0,1,1,1,0,1,1,1
534,2,120,534,2008,#N/A,2010,2012,2,4,2,2,4,5,0.167951138,2,1,0,0,0,0,34,0,1,0,0,0,0,0,0,0,0,1,0,0,1,0,0,2,1,1
535,2,144,535,2009,2012,2009,2009,0,0,3,4,3,1,0.011311762,0,1,0,0,0,0,25,0,0,0,0,0,0,0,0,0,1,0,1,0,0,0,0,2,1,0
536,12,20,536,2001,#N/A,2005,2009,4,8,5,5,10,3,0.322764935,1,0,0,1,0,0,29,0,0,0,0,0,0,0,0,0,1,0,0,0,0,1,1,1,1,1
537,23,117,537,2007,#N/A,2007,2009,0,2,2,4,11,3,0.270910354,2,0,1,0,0,0,12,0,0,0,0,0,1,0,0,0,0,0,1,1,1,0,0,1,1,1
538,9,40,538,2010,2013,2011,2012,1,2,0,1,1,2,0.019890908,2,0,0,0,0,1,19,0,0,1,0,0,0,0,0,0,0,1,0,1,0,0,0,3,1,0
539,2,31,539,2000,#N/A,2006,2006,6,6,6,6,2,1,0.211597742,1,1,0,0,0,0,29,0,0,0,0,0,0,0,0,0,1,0,0,0,0,1,0,1,1,1
540,23,111,540,2011,#N/A,2011,2011,0,0,0,2,5,1,0.0315416,3,0,1,0,0,0,10,0,0,0,0,0,0,0,0,0,1,0,0,0,0,0,0,1,0,1
541,2,144,541,2004,2011,2009,2010,5,6,5,6,6,2,0.275146969,2,1,0,0,0,0,13,0,0,0,0,0,0,0,0,0,1,1,0,0,0,1,0,2,1,0
542,23,26,542,2009,#N/A,2011,2011,2,2,4,4,6,1,0.211597742,2,0,1,0,0,0,13,0,0,0,0,0,0,0,0,0,1,1,0,0,0,0,0,6,1,1
543,23,111,543,2008,#N/A,2010,2010,2,2,2,3,9,2,0.082698727,2,0,1,0,0,0,1,0,0,0,0,1,0,0,0,0,0,1,0,1,0,0,0,3,1,1
544,23,26,544,2009,#N/A,2009,2011,0,1,1,3,7,2,0.029423292,2,0,1,0,0,0,33,0,0,0,0,0,0,0,0,0,1,0,1,1,0,0,0,6,1,1
545,9,40,545,2012,2013,2012,2013,0,0,0,0,6,2,0.013535985,2,0,0,0,0,1,7,0,0,0,0,0,0,1,0,0,0,1,1,0,0,0,0,1,1,0
546,29,11,546,2007,2010,2007,2010,0,3,0,6,5,3,0.20524282,4,0,0,0,1,0,12,0,0,0,0,0,1,0,0,0,0,1,0,1,0,0,0,1,1,0
547,2,146,547,2003,#N/A,2006,2006,3,3,2,2,6,1,0.31751312,1,1,0,0,0,0,31,1,0,0,0,0,0,0,0,0,0,0,0,0,0,0,1,3,1,1
548,2,105,548,2008,#N/A,2010,2010,2,2,3,5,8,2,0.439315805,3,1,0,0,0,0,9,0,0,0,1,0,0,0,0,0,0,0,0,1,1,0,0,2,1,1
549,2,144,549,2009,#N/A,2010,2011,1,1,2,3,4,2,0.021373723,2,1,0,0,0,0,30,0,0,0,0,0,0,0,0,0,1,0,1,1,0,0,0,2,1,1
550,29,11,550,2007,2010,2007,2007,0,0,2,2,6,1,0.275146969,1,0,0,0,1,0,31,1,0,0,0,0,0,0,0,0,0,0,0,1,0,0,0,4,1,0
551,23,111,551,2007,#N/A,2008,2011,0,3,0,2,8,2,0.311158198,2,0,1,0,0,0,31,1,0,0,0,0,0,0,0,0,0,0,1,1,0,0,0,4,1,1
552,2,105,552,2005,#N/A,2006,2009,1,4,3,8,19,4,0.698808482,4,1,0,0,0,0,19,0,0,1,0,0,0,0,0,0,0,0,0,1,1,1,1,1,1,1
553,2,146,553,2005,#N/A,2010,2010,5,5,3,4,5,1,0.635259255,0,1,0,0,0,0,17,0,0,0,0,0,0,0,0,0,1,0,0,0,0,1,0,6,1,1
554,29,137,554,2006,2012,2006,2010,0,3,2,3,10,4,0.698808482,3,0,0,0,1,0,31,1,0,0,0,0,0,0,0,0,0,0,0,1,1,1,0,4,1,0
555,5,175,555,2011,2013,2011,2011,0,0,3,4,1,1,0.002944448,0,0,0,0,0,1,30,0,0,0,0,0,0,0,0,0,1,0,1,0,0,0,0,1,0,0
556,12,173,556,2010,2013,2010,2010,0,0,0,0,3,1,0.000190648,1,0,0,1,0,0,1,0,0,0,0,1,0,0,0,0,0,0,1,0,0,0,0,1,0,0
557,2,61,557,2008,2013,2011,2013,3,5,3,4,2,3,0.654878045,0,1,0,0,0,0,17,0,0,0,0,0,0,0,0,0,1,0,0,0,1,0,0,3,1,0
558,2,31,558,2010,2012,2011,2011,0,0,3,4,0,1,0.042133137,0,1,0,0,0,0,1,0,0,0,0,1,0,0,0,0,0,0,0,0,0,0,0,1,0,0
559,12,29,559,2003,2013,2007,2012,4,9,2,2,2,2,0.402245423,1,0,0,1,0,0,31,1,0,0,0,0,0,0,0,0,0,1,0,0,1,0,0,3,1,0
560,2,144,560,2002,2012,2005,2008,3,6,4,4,2,3,0.698808482,1,1,0,0,0,0,1,0,0,0,0,1,0,0,0,0,0,0,0,1,1,1,0,4,1,0
561,7,10,561,2002,#N/A,2006,2008,4,6,4,4,1,3,0.33128212,1,0,0,0,0,1,5,0,0,0,0,0,0,0,0,0,1,1,0,0,0,0,0,1,1,1
562,2,68,562,2010,2013,2011,2011,0,0,0,1,5,1,0.00302918,2,1,0,0,0,0,26,0,0,0,0,0,0,0,0,0,1,0,1,0,0,0,0,1,0,0
563,2,89,563,2004,2011,2008,2008,4,4,6,6,4,1,0.741174633,2,1,0,0,0,0,34,0,1,0,0,0,0,0,0,0,0,0,0,0,0,0,1,3,1,0
564,31,170,564,2008,2013,2008,2012,0,4,1,2,5,4,0.158993874,3,0,0,0,0,1,19,0,0,1,0,0,0,0,0,0,0,1,1,0,0,0,0,1,0,0
565,20,67,565,2012,2013,2013,2013,0,0,0,0,2,2,0.002414871,1,0,0,0,0,1,2,0,0,0,0,0,0,0,0,0,1,0,1,0,0,0,0,1,0,0
566,31,128,566,2006,#N/A,2007,2007,0,0,0,3,5,1,0.015654293,3,0,0,0,0,1,27,0,0,0,0,0,0,0,0,0,1,0,1,0,0,0,0,2,1,1
567,7,10,567,2009,#N/A,2011,2011,2,2,2,2,10,1,0.359879272,2,0,0,0,0,1,9,0,0,0,1,0,0,0,0,0,0,1,0,0,0,0,0,5,1,1
568,29,11,568,2007,#N/A,2007,2013,0,6,5,6,13,5,0.497569263,3,0,0,0,1,0,14,0,0,0,0,0,0,0,0,0,1,1,0,1,1,1,0,1,1,1
569,2,144,569,2007,2011,2007,2007,0,0,3,4,2,1,0.020738231,0,1,0,0,0,0,34,0,1,0,0,0,0,0,0,0,0,0,0,1,0,0,0,2,0,0
570,1,164,570,2007,#N/A,2008,2008,0,0,3,4,13,1,0.020950062,2,0,0,0,0,1,1,0,0,0,0,1,0,0,0,0,0,0,0,1,0,0,0,3,1,1
571,12,30,571,2006,#N/A,2006,2011,0,5,2,6,15,4,0.868273087,2,0,0,1,0,0,14,0,0,0,0,0,0,0,0,0,1,1,0,1,1,1,0,1,1,1
572,25,168,572,2008,2011,2008,2008,0,0,3,4,3,1,0.148048516,0,0,0,0,0,1,29,0,0,0,0,0,0,0,0,0,1,0,0,1,0,0,0,1,1,0
573,2,105,573,2009,#N/A,2009,2011,0,1,2,4,5,2,0.120510517,3,1,0,0,0,0,9,0,0,0,1,0,0,0,0,0,0,0,1,1,0,0,0,4,1,1
574,12,58,574,2002,#N/A,2007,2007,5,5,4,4,3,1,0.22218928,1,0,0,1,0,0,28,0,0,0,0,0,0,0,0,0,1,0,0,0,0,0,1,4,1,1
575,23,138,575,2004,2012,2006,2008,1,3,3,4,2,2,0.486977725,0,0,1,0,0,0,7,0,0,0,0,0,0,1,0,0,0,1,0,0,0,0,0,3,1,0
576,32,134,576,2000,#N/A,2006,2010,5,9,3,4,13,3,0.296330045,0,0,0,0,0,1,24,0,0,0,0,0,0,0,0,0,1,0,0,1,1,0,0,3,1,1
577,2,147,577,2005,#N/A,2006,2006,1,1,3,4,4,2,0.158640053,0,1,0,0,0,0,31,1,0,0,0,0,0,0,0,0,0,0,1,1,0,0,0,2,1,1
578,23,26,578,2009,#N/A,2009,2009,0,0,0,1,12,1,0.029846954,3,0,1,0,0,0,30,0,0,0,0,0,0,0,0,0,1,0,0,1,0,0,0,16,1,1
579,32,154,579,2008,2010,2008,2011,0,2,0,2,1,2,0.190414667,2,0,0,0,0,1,7,0,0,0,0,0,0,1,0,0,0,1,0,1,0,0,0,1,1,0
580,26,184,580,2009,2012,2009,2009,0,0,3,4,3,1,0.010358524,0,0,0,0,0,1,12,0,0,0,0,0,1,0,0,0,0,1,0,0,0,0,0,1,1,0
581,2,105,581,2012,#N/A,2012,2012,0,0,0,0,4,2,0.001249801,2,1,0,0,0,0,22,0,0,0,0,0,0,0,0,0,1,0,1,0,0,0,0,1,1,1
582,2,33,582,2006,2009,2007,2008,0,1,3,4,3,2,0.0177726,0,1,0,0,0,0,7,0,0,0,0,0,0,1,0,0,0,0,1,1,0,0,0,1,1,0
583,2,152,583,2008,#N/A,2011,2011,3,3,3,5,9,1,0.31751312,2,1,0,0,0,0,9,0,0,0,1,0,0,0,0,0,0,1,0,0,0,0,0,1,1,1
584,2,144,584,2007,#N/A,2008,2008,0,1,0,2,12,2,0.066493674,2,1,0,0,0,0,34,0,1,0,0,0,0,0,0,0,0,0,1,1,0,0,0,11,1,1
585,2,144,585,2011,2013,2012,2012,1,1,1,2,6,1,0.116273902,2,1,0,0,0,0,7,0,0,0,0,0,0,1,0,0,0,0,0,1,0,0,0,8,1,0
586,2,148,586,2009,#N/A,2013,2013,4,4,3,3,8,1,0.223697134,1,1,0,0,0,0,5,0,0,0,0,0,0,0,0,0,1,0,0,1,0,0,0,1,0,1
587,2,68,587,2010,2012,2010,2010,0,0,3,4,13,1,0.010358524,0,1,0,0,0,0,26,0,0,0,0,0,0,0,0,0,1,0,1,0,0,0,0,1,0,0
588,2,122,588,2007,2012,2009,2009,1,2,0,3,12,2,0.074525767,3,1,0,0,0,0,34,0,1,0,0,0,0,0,0,0,0,1,0,1,0,0,0,1,0,0
589,23,111,589,2008,#N/A,2008,2012,0,4,3,5,15,4,0.495450956,3,0,1,0,0,0,33,0,0,0,0,0,0,0,0,0,1,0,0,1,1,1,0,2,1,1
590,23,111,590,2010,2012,2010,2010,0,0,0,0,2,1,0.0315416,1,0,1,0,0,0,10,0,0,0,0,0,0,0,0,0,1,0,0,0,0,0,0,6,1,0
591,2,144,591,2001,#N/A,2003,2005,2,4,0,10,3,2,0.150166823,3,1,0,0,0,0,34,0,1,0,0,0,0,0,0,0,0,0,1,1,0,0,0,1,1,1
592,12,30,592,2006,#N/A,2007,2009,1,2,2,5,8,3,0.073907751,6,0,0,1,0,0,7,0,0,0,0,0,0,1,0,0,0,1,1,1,0,0,0,1,1,1
593,2,162,593,2009,#N/A,2011,2011,1,1,1,2,6,1,0.063316213,2,1,0,0,0,0,31,1,0,0,0,0,0,0,0,0,0,0,0,1,0,0,0,2,1,1
594,23,75,594,2011,2012,2011,2011,0,0,0,0,5,2,0,1,0,1,0,0,0,34,0,1,0,0,0,0,0,0,0,0,0,1,0,0,0,0,1,0,0
595,2,78,595,2001,#N/A,2007,2009,6,8,5,5,4,3,0.554763567,1,1,0,0,0,0,29,0,0,0,0,0,0,0,0,0,1,1,0,0,0,1,0,2,1,1
596,2,105,596,2004,2011,2006,2007,1,2,4,6,6,2,0.614076179,3,1,0,0,0,0,31,1,0,0,0,0,0,0,0,0,0,0,0,0,1,1,0,2,1,1
597,2,105,597,2004,2012,2008,2008,4,4,3,4,2,1,0.211597742,0,1,0,0,0,0,31,1,0,0,0,0,0,0,0,0,0,0,0,0,1,0,0,2,0,0
598,2,77,598,2010,2012,2011,2011,0,0,0,2,3,1,0.010358524,3,1,0,0,0,0,34,0,1,0,0,0,0,0,0,0,0,0,1,0,0,0,0,3,1,0
599,2,135,599,2008,#N/A,2008,2009,0,1,1,2,3,3,0.243372356,3,1,0,0,0,0,9,0,0,0,1,0,0,0,0,0,0,0,1,1,1,0,0,1,1,1
600,29,11,600,2009,#N/A,2010,2013,1,3,2,3,8,5,0.113096441,3,0,0,0,1,0,9,0,0,0,1,0,0,0,0,0,0,0,1,1,0,0,0,3,1,1
601,2,144,601,2010,#N/A,2010,2011,0,0,0,3,8,2,0.053466083,2,1,0,0,0,0,34,0,1,0,0,0,0,0,0,0,0,0,1,1,0,0,0,5,1,1
602,2,105,602,2010,#N/A,2010,2012,0,2,1,1,4,3,0.009828947,1,1,0,0,0,0,33,0,0,0,0,0,0,0,0,0,1,0,1,0,0,0,0,4,0,1
603,2,125,603,2002,#N/A,2005,2005,3,3,3,4,4,1,0.253963894,0,1,0,0,0,0,12,0,0,0,0,0,1,0,0,0,0,0,0,0,0,1,0,5,1,1
604,23,111,604,2012,#N/A,2012,2012,0,0,0,1,8,1,0.036837369,2,0,1,0,0,0,22,0,0,0,0,0,0,0,0,0,1,0,0,0,0,0,0,5,1,1
605,23,111,605,2009,#N/A,2010,2010,0,0,0,1,3,1,0.002520786,2,0,1,0,0,0,34,0,1,0,0,0,0,0,0,0,0,0,1,0,0,0,0,1,0,1
606,10,71,606,2005,2012,2009,2011,4,6,5,6,10,2,0.046200288,3,0,0,0,0,1,25,0,0,0,0,0,0,0,0,0,1,1,0,0,1,0,0,3,0,0
607,12,30,607,2005,#N/A,2010,2010,5,5,2,2,4,1,0.042133137,1,0,0,1,0,0,34,0,1,0,0,0,0,0,0,0,0,1,0,0,0,0,0,1,1,1
608,2,53,608,2005,#N/A,2008,2009,3,4,6,6,11,2,0.198887897,2,1,0,0,0,0,2,0,0,0,0,0,0,0,0,0,1,0,0,1,0,0,0,2,1,1
609,2,105,609,2003,#N/A,2008,2010,5,7,3,4,2,4,0.276100208,0,1,0,0,0,0,29,0,0,0,0,0,0,0,0,0,1,0,0,1,1,0,0,2,1,1
610,2,144,610,2006,#N/A,2006,2010,0,4,0,5,8,4,0.211597742,3,1,0,0,0,0,34,0,1,0,0,0,0,0,0,0,0,0,0,1,1,1,0,1,1,1
611,2,147,611,2007,#N/A,2008,2008,1,1,1,1,7,1,0.12686544,1,1,0,0,0,0,1,0,0,0,0,1,0,0,0,0,0,0,0,0,1,0,0,2,1,1
612,26,80,612,2006,2013,2008,2009,2,3,4,4,3,2,0.044251445,1,0,0,0,0,1,19,0,0,1,0,0,0,0,0,0,0,1,1,0,0,0,0,2,0,0
613,32,154,613,2009,#N/A,2010,2010,0,0,0,1,3,2,0.068611982,3,0,0,0,0,1,33,0,0,0,0,0,0,0,0,0,1,1,0,1,0,0,0,1,1,1
614,30,131,614,2009,2012,2009,2010,0,0,1,1,4,2,0.001292168,1,0,0,0,0,1,9,0,0,0,1,0,0,0,0,0,0,0,1,0,0,0,0,1,0,0
615,2,120,615,2001,2008,2007,2007,6,6,4,4,3,1,0.21922365,1,1,0,0,0,0,23,0,0,0,0,0,0,0,0,0,1,0,0,0,0,1,0,5,1,0
616,23,111,616,2008,#N/A,2008,2010,0,1,2,4,12,3,0.027516815,2,0,1,0,0,0,31,1,0,0,0,0,0,0,0,0,0,0,1,0,0,0,0,6,1,1
617,23,111,617,2010,2012,2010,2010,0,0,0,0,1,1,0.002944448,1,0,1,0,0,0,12,0,0,0,0,0,1,0,0,0,0,0,1,0,0,0,0,1,0,0
618,24,44,618,2010,2013,2010,2010,0,0,0,0,2,1,0.005062755,1,0,0,0,0,1,7,0,0,0,0,0,0,1,0,0,0,0,1,0,0,0,0,1,0,0
619,2,122,619,2008,#N/A,2007,2010,0,2,1,1,6,3,0.038532015,1,1,0,0,0,0,14,0,0,0,0,0,0,0,0,0,1,0,1,1,0,0,0,2,0,1
620,25,127,620,2010,#N/A,2011,2011,0,1,0,2,10,2,0.207361127,4,0,0,0,0,1,9,0,0,0,1,0,0,0,0,0,0,0,0,1,1,0,0,4,1,1
621,2,144,621,2005,#N/A,2007,2007,1,1,3,5,15,1,0.04848806,3,1,0,0,0,0,34,0,1,0,0,0,0,0,0,0,0,0,0,1,0,0,0,1,0,1
622,32,134,622,2005,2009,2007,2008,2,3,0,3,3,2,0.027516815,4,0,0,0,0,1,34,0,1,0,0,0,0,0,0,0,0,0,1,0,0,0,0,1,0,0
623,2,144,623,2007,2011,2007,2008,0,0,0,4,4,2,0.095090826,5,1,0,0,0,0,12,0,0,0,0,0,1,0,0,0,0,0,1,0,1,0,0,5,1,0
624,2,57,624,2003,#N/A,2005,2008,2,5,5,5,5,3,0.46579465,1,1,0,0,0,0,31,1,0,0,0,0,0,0,0,0,0,0,0,1,1,1,0,2,1,1
625,2,45,625,2009,#N/A,2009,2011,0,2,3,3,4,3,0.402245423,1,1,0,0,0,0,9,0,0,0,1,0,0,0,0,0,0,0,0,1,1,0,0,2,1,1
626,2,162,626,2002,#N/A,2005,2005,3,3,2,2,3,1,0.635259255,1,1,0,0,0,0,29,0,0,0,0,0,0,0,0,0,1,0,0,0,1,0,0,4,1,1
627,2,105,627,2009,#N/A,2010,2012,1,2,2,3,6,2,0.047428906,2,1,0,0,0,0,34,0,1,0,0,0,0,0,0,0,0,1,0,0,0,0,0,8,1,1
628,2,147,628,2004,2008,2006,2006,2,2,3,4,6,1,0.116273902,0,1,0,0,0,0,34,0,1,0,0,0,0,0,0,0,0,0,0,1,0,0,0,1,1,0
629,32,15,629,2006,#N/A,2008,2008,1,1,0,3,3,1,0.12686544,2,0,0,0,0,1,21,0,0,0,0,0,0,0,0,0,1,0,0,1,0,0,0,1,1,1
630,2,135,630,2006,2009,2007,2007,1,1,0,7,2,2,0.638436716,3,1,0,0,0,0,1,0,0,0,0,1,0,0,0,0,0,0,0,1,1,0,0,1,1,0
631,23,111,631,2006,2012,2007,2008,1,2,3,4,1,2,0.253963894,0,0,1,0,0,0,12,0,0,0,0,0,1,0,0,0,0,0,0,1,1,0,0,1,0,0
632,2,162,632,2008,#N/A,2008,2009,0,1,3,5,6,2,0.073907751,2,1,0,0,0,0,31,1,0,0,0,0,0,0,0,0,0,0,1,1,0,0,0,1,0,1
633,2,120,633,2006,#N/A,2007,2007,1,1,2,3,5,1,0.084499289,3,1,0,0,0,0,31,1,0,0,0,0,0,0,0,0,0,0,0,1,0,0,0,4,1,1
634,2,185,634,2009,2013,2011,2012,2,3,3,4,9,2,0.084499289,0,1,0,0,0,0,16,0,0,0,0,0,0,0,0,0,1,0,0,1,0,0,0,1,1,0
635,23,111,635,2007,#N/A,2008,2011,0,3,0,0,5,3,0.029861739,1,0,1,0,0,0,19,0,0,1,0,0,0,0,0,0,0,1,1,0,0,0,0,2,1,1
636,2,31,636,2001,#N/A,2003,2007,1,5,3,3,5,2,0.211597742,1,1,0,0,0,0,29,0,0,0,0,0,0,0,0,0,1,1,0,1,0,0,0,3,1,1
637,2,89,637,2010,2012,2010,2011,0,1,0,1,5,2,0.006121909,2,1,0,0,0,0,12,0,0,0,0,0,1,0,0,0,0,0,1,0,1,0,0,2,1,0
638,2,120,638,2002,#N/A,2007,2010,5,8,6,8,4,3,0.029423292,2,1,0,0,0,0,31,1,0,0,0,0,0,0,0,0,0,0,1,0,0,0,0,1,0,1
639,2,144,639,2004,#N/A,2006,2008,2,4,2,7,4,2,0.137456978,3,1,0,0,0,0,34,0,1,0,0,0,0,0,0,0,0,0,0,1,0,0,0,7,1,1
640,2,144,640,2008,#N/A,2010,2010,1,1,2,3,8,1,0.105682364,3,1,0,0,0,0,5,0,0,0,0,0,0,0,0,0,1,0,0,1,0,0,0,1,1,1
641,32,154,641,2007,#N/A,2009,2012,2,5,3,6,6,2,0.203124512,2,0,0,0,0,1,9,0,0,0,1,0,0,0,0,0,0,0,0,1,0,0,0,3,1,1
642,12,1,642,2006,#N/A,2006,2009,0,3,0,4,14,3,0.592893104,2,0,0,1,0,0,21,0,0,0,0,0,0,0,0,0,1,0,0,1,1,1,0,2,1,1
643,29,46,643,2005,#N/A,2009,2010,4,5,5,7,10,2,0.635259255,3,0,0,0,1,0,21,0,0,0,0,0,0,0,0,0,1,1,0,0,0,0,0,1,0,1
644,2,120,644,2007,#N/A,2008,2009,1,2,4,5,10,2,0.073907751,2,1,0,0,0,0,12,0,0,0,0,0,1,0,0,0,0,0,1,1,0,0,0,2,0,1
645,12,114,645,2008,2012,2008,2008,0,0,1,0,7,1,0.353524349,2,0,0,1,0,0,34,0,1,0,0,0,0,0,0,0,0,0,0,1,0,0,0,4,0,0
646,2,162,646,2003,#N/A,2010,2010,7,7,7,7,6,1,0.31751312,1,1,0,0,0,0,17,0,0,0,0,0,0,0,0,0,1,0,0,0,0,0,1,6,1,1
647,2,151,647,2004,2012,2007,2007,3,3,3,4,2,2,0.253963894,0,1,0,0,0,0,13,0,0,0,0,0,0,0,0,0,1,0,0,1,1,0,0,4,1,0
648,24,166,648,2009,2013,2011,2011,1,1,0,0,1,1,8.47323E-05,1,0,0,0,0,1,7,0,0,0,0,0,0,1,0,0,0,0,1,0,0,0,0,1,0,0
649,32,154,649,2009,#N/A,2011,2011,1,1,1,2,11,1,0.004003601,3,0,0,0,0,1,22,0,0,0,0,0,0,0,0,0,1,1,0,0,0,0,0,1,0,1
650,2,33,650,2003,2012,2007,2007,4,4,3,4,0,1,0.31751312,0,1,0,0,0,0,29,0,0,0,0,0,0,0,0,0,1,0,0,0,0,1,0,1,0,0
651,2,144,651,2009,#N/A,2009,2011,0,1,0,1,4,2,0.029423292,2,1,0,0,0,0,9,0,0,0,1,0,0,0,0,0,0,0,1,0,0,0,0,3,0,1
652,23,111,652,2006,2013,2005,2012,0,6,5,5,5,4,0.241254048,1,0,1,0,0,0,9,0,0,0,1,0,0,0,0,0,0,1,0,0,1,0,0,3,1,0
653,2,61,99,2008,#N/A,2008,2012,0,4,2,4,14,4,0.725287326,2,1,0,0,0,0,5,0,0,0,0,0,0,0,0,0,1,1,0,1,1,1,0,2,1,1
654,29,11,653,2008,#N/A,2008,2010,0,2,1,5,4,4,0.080262674,4,0,0,0,1,0,18,0,0,0,0,0,0,0,0,0,1,0,1,1,0,0,0,4,1,1
655,2,147,654,2003,#N/A,2007,2009,4,6,6,6,3,2,0.21371605,1,1,0,0,0,0,31,1,0,0,0,0,0,0,0,0,0,1,0,0,0,1,0,3,1,1
656,2,151,655,2003,2012,2007,2007,4,4,3,4,0,1,0.084499289,0,1,0,0,0,0,31,1,0,0,0,0,0,0,0,0,0,0,0,0,1,0,0,6,1,0
657,2,147,656,2008,#N/A,2009,2009,1,1,1,2,11,1,0.06355787,3,1,0,0,0,0,31,1,0,0,0,0,0,0,0,0,0,0,0,0,1,0,0,1,1,1
658,2,147,657,2010,#N/A,2010,2013,0,2,2,2,15,2,0.268792047,1,1,0,0,0,0,2,0,0,0,0,0,0,0,0,0,1,0,0,1,0,0,0,1,1,1
659,2,167,658,2007,2012,2007,2007,0,0,0,3,5,1,0.006121909,4,1,0,0,0,0,25,0,0,0,0,0,0,0,0,0,1,0,1,0,0,0,0,2,0,0
660,2,152,659,2008,#N/A,2012,2012,4,4,4,5,13,1,0.020950062,2,1,0,0,0,0,1,0,0,0,0,1,0,0,0,0,0,0,1,0,0,0,0,5,1,1
661,6,7,660,2008,2013,2008,2008,0,0,3,4,2,1,0.002414871,0,0,0,0,0,1,9,0,0,0,1,0,0,0,0,0,0,0,1,0,0,0,0,1,0,0
662,4,181,661,2010,2013,2010,2010,0,0,0,1,2,2,0.014595139,2,0,0,0,0,1,34,0,1,0,0,0,0,0,0,0,0,0,1,0,0,0,0,2,0,0
663,32,154,662,2010,#N/A,2010,2011,0,0,1,1,6,2,0.011036382,2,0,0,0,0,1,9,0,0,0,1,0,0,0,0,0,0,0,1,0,0,0,0,5,1,1
664,2,120,663,2005,#N/A,2005,2007,0,2,4,5,8,2,0.179823129,3,1,0,0,0,0,34,0,1,0,0,0,0,0,0,0,0,0,0,1,1,0,0,1,1,1
665,32,154,664,2003,#N/A,2006,2006,3,3,5,9,2,1,0.198887897,3,0,0,0,0,1,21,0,0,0,0,0,0,0,0,0,1,0,0,0,1,0,0,1,1,1
666,27,130,665,2010,2012,2009,2012,1,2,1,1,3,2,0.007181063,1,0,0,0,0,1,19,0,0,1,0,0,0,0,0,0,0,0,1,0,0,0,0,1,1,0
667,23,111,666,2006,#N/A,2007,2009,1,3,0,2,16,2,0.260318816,3,0,1,0,0,0,9,0,0,0,1,0,0,0,0,0,0,0,0,0,1,1,0,1,1,1
668,12,39,667,2006,#N/A,2007,2011,1,5,4,4,6,5,0.538098799,1,0,0,1,0,0,21,0,0,0,0,0,0,0,0,0,1,1,0,1,1,0,0,3,1,1
669,2,144,668,2010,2013,2010,2010,0,0,0,0,5,2,0.021267808,2,1,0,0,0,0,12,0,0,0,0,0,1,0,0,0,0,0,1,0,0,0,0,5,1,0
670,3,24,669,2009,#N/A,2009,2012,0,3,0,1,4,5,0.211597806,2,0,0,0,0,1,9,0,0,0,1,0,0,0,0,0,0,1,0,1,1,0,0,1,1,1
671,9,40,670,2007,#N/A,2008,2010,0,2,0,2,3,2,0.036837369,2,0,0,0,0,1,33,0,0,0,0,0,0,0,0,0,1,1,1,0,0,0,0,1,1,1
672,2,144,671,2009,#N/A,2010,2010,0,0,1,3,4,1,0.001885294,2,1,0,0,0,0,18,0,0,0,0,0,0,0,0,0,1,0,1,0,0,0,0,3,1,1
673,2,120,672,2011,#N/A,2012,2012,1,1,1,2,1,1,0.253963894,2,1,0,0,0,0,31,1,0,0,0,0,0,0,0,0,0,1,0,0,0,0,0,2,1,1
674,23,111,673,2010,#N/A,2010,2011,0,0,0,2,16,2,0.242313202,3,0,1,0,0,0,18,0,0,0,0,0,0,0,0,0,1,0,1,0,1,0,0,8,1,1
675,2,144,674,2007,2012,2008,2008,0,0,0,0,7,1,0.00082614,2,1,0,0,0,0,1,0,0,0,0,1,0,0,0,0,0,0,1,0,0,0,0,3,0,0
676,2,151,675,2006,2010,2008,2008,2,2,3,4,4,1,0.423428499,2,1,0,0,0,0,31,1,0,0,0,0,0,0,0,0,0,0,0,0,1,0,0,4,1,0
677,29,11,676,2003,#N/A,2005,2006,2,3,6,8,16,2,0.9000477,3,0,0,0,1,0,25,0,0,0,0,0,0,0,0,0,1,0,0,0,0,1,1,5,1,1
678,2,52,677,2006,#N/A,2006,2008,0,2,0,5,7,3,0.476110808,2,1,0,0,0,0,29,0,0,0,0,0,0,0,0,0,1,1,0,0,1,1,0,2,1,1
679,2,147,678,2007,#N/A,2009,2009,2,2,1,4,3,1,0.164994976,2,1,0,0,0,0,31,1,0,0,0,0,0,0,0,0,0,1,0,0,0,0,0,2,1,1
680,8,70,679,2008,2013,2011,2011,2,2,0,2,5,1,0.084499289,4,0,0,0,0,1,19,0,0,1,0,0,0,0,0,0,0,0,0,1,0,0,0,1,1,0
681,2,144,680,2008,#N/A,2008,2012,0,4,3,3,5,3,0.539935414,1,1,0,0,0,0,5,0,0,0,0,0,0,0,0,0,1,0,0,1,1,0,0,2,1,1
682,2,144,681,2007,#N/A,2008,2012,0,5,6,6,18,6,0.745411248,3,1,0,0,0,0,2,0,0,0,0,0,0,0,0,0,1,1,0,1,1,1,0,2,1,1
683,12,29,682,2000,2012,2005,2008,5,8,8,8,2,2,0.211597742,1,0,0,1,0,0,25,0,0,0,0,0,0,0,0,0,1,1,0,0,0,1,0,2,1,0
684,2,98,683,2008,#N/A,2008,2011,0,3,0,3,11,3,0.467912957,4,1,0,0,0,0,2,0,0,0,0,0,0,0,0,0,1,1,0,1,1,0,0,2,1,1
685,12,1,684,2001,#N/A,2004,2010,3,9,1,1,4,5,0.698808482,1,0,0,1,0,0,19,0,0,1,0,0,0,0,0,0,0,1,0,0,1,1,1,2,1,1
686,2,105,685,2001,#N/A,2007,2007,6,6,6,6,9,1,0.31751312,1,1,0,0,0,0,4,0,0,0,0,0,0,0,1,0,0,0,0,0,0,0,0,3,1,1
687,2,31,686,2000,#N/A,2006,2009,6,9,6,6,6,3,0.275146969,1,1,0,0,0,0,19,0,0,1,0,0,0,0,0,0,0,0,0,0,0,0,1,3,1,1
688,2,31,687,2004,#N/A,2005,2007,1,3,2,2,5,2,0.270910354,1,1,0,0,0,0,19,0,0,1,0,0,0,0,0,0,0,0,0,1,1,0,0,2,1,1
689,23,111,688,2007,2013,2008,2011,0,3,3,6,6,2,0.013029625,3,0,1,0,0,0,19,0,0,1,0,0,0,0,0,0,0,1,0,1,0,0,0,1,1,0
690,12,30,689,2008,#N/A,2008,2012,0,3,4,4,12,4,0.430842575,3,0,0,1,0,0,2,0,0,0,0,0,0,0,0,0,1,0,1,1,1,0,0,3,1,1
691,2,146,690,2004,2012,2009,2009,5,5,2,2,1,1,0.211597742,1,1,0,0,0,0,13,0,0,0,0,0,0,0,0,0,1,1,0,0,0,0,0,3,1,0
692,2,120,691,2011,#N/A,2011,2011,0,0,0,2,5,1,0.008769793,3,1,0,0,0,0,34,0,1,0,0,0,0,0,0,0,0,0,1,0,0,0,0,2,1,1
693,2,153,692,2003,#N/A,2008,2010,5,7,5,5,5,3,0.802416048,1,1,0,0,0,0,29,0,0,0,0,0,0,0,0,0,1,1,0,0,1,1,0,3,1,1
694,2,77,693,2004,#N/A,2005,2011,1,7,6,6,9,5,0.847090011,1,1,0,0,0,0,19,0,0,1,0,0,0,0,0,0,0,1,0,1,1,1,0,4,1,1
695,2,51,694,2007,#N/A,2008,2009,0,2,2,4,10,3,0.117333056,4,1,0,0,0,0,12,0,0,0,0,0,1,0,0,0,0,0,0,1,1,0,0,3,1,1
696,2,144,695,2010,#N/A,2010,2010,0,0,0,2,3,1,0.016077954,3,1,0,0,0,0,19,0,0,1,0,0,0,0,0,0,0,0,1,0,0,0,0,6,1,1
697,29,2,696,2006,2012,2006,2011,0,4,3,4,0,4,0.413896115,0,0,0,0,1,0,6,0,0,0,0,0,0,0,0,1,0,1,0,1,0,0,0,1,1,0
698,2,144,697,2007,#N/A,2009,2009,1,2,2,2,6,2,0.084499289,1,1,0,0,0,0,34,0,1,0,0,0,0,0,0,0,0,1,0,0,0,0,0,1,0,1
699,31,96,698,2004,#N/A,2005,2009,1,5,6,9,14,4,0.889456162,4,0,0,0,0,1,34,0,1,0,0,0,0,0,0,0,0,0,0,1,1,1,0,2,1,1
700,3,12,699,2005,2010,2008,2008,3,3,3,4,0,1,0.04001483,0,0,0,0,0,1,23,0,0,0,0,0,0,0,0,0,1,0,0,1,0,0,0,1,1,0
701,2,144,700,2006,2013,2010,2010,4,4,5,5,1,1,0.027516815,1,1,0,0,0,0,22,0,0,0,0,0,0,0,0,0,1,1,0,0,0,0,0,4,1,0
702,25,127,701,2001,#N/A,2008,2008,7,7,7,7,3,1,0.063316213,1,0,0,0,0,1,13,0,0,0,0,0,0,0,0,0,1,0,0,1,0,0,0,3,0,1
703,2,162,702,2008,#N/A,2008,2011,0,3,2,3,9,4,0.762357709,3,1,0,0,0,0,31,1,0,0,0,0,0,0,0,0,0,0,0,1,1,1,1,3,1,1
704,2,120,703,2010,#N/A,2010,2010,0,0,1,1,3,1,0.063316213,1,1,0,0,0,0,31,1,0,0,0,0,0,0,0,0,0,1,0,0,0,0,0,1,0,1
705,2,144,704,2007,2008,2008,2008,0,0,0,5,1,1,0.027304984,3,1,0,0,0,0,34,0,1,0,0,0,0,0,0,0,0,0,1,0,0,0,0,8,1,0
706,23,111,705,2006,#N/A,2012,2012,6,6,5,7,15,1,0.137456978,3,0,1,0,0,0,34,0,1,0,0,0,0,0,0,0,0,0,0,1,0,0,0,8,1,1
707,12,30,706,2011,#N/A,2011,2012,0,1,0,2,5,2,0.097209134,2,0,0,1,0,0,1,0,0,0,0,1,0,0,0,0,0,0,1,1,0,0,0,9,1,1
708,12,173,707,2005,#N/A,2007,2011,2,6,2,6,5,3,0.463676342,2,0,0,1,0,0,31,1,0,0,0,0,0,0,0,0,0,1,0,1,1,0,0,1,1,1
709,23,111,708,2008,#N/A,2008,2008,0,0,1,1,6,1,0.004850924,1,0,1,0,0,0,12,0,0,0,0,0,1,0,0,0,0,0,1,0,0,0,0,2,1,1
710,2,143,709,2005,#N/A,2005,2010,0,5,5,5,17,4,0.73481971,1,1,0,0,0,0,31,1,0,0,0,0,0,0,0,0,0,1,0,1,1,0,0,2,1,1
711,9,86,710,2004,#N/A,2005,2010,1,5,3,6,4,4,0.698808482,2,0,0,0,0,1,31,1,0,0,0,0,0,0,0,0,0,1,0,1,1,1,0,5,1,1
712,23,111,711,2010,2013,2011,2013,1,2,0,2,3,2,0.037896522,2,0,1,0,0,0,8,0,0,0,0,0,0,0,0,0,1,1,1,0,0,0,0,5,1,0
713,3,24,712,2006,#N/A,2006,2009,0,3,3,5,14,3,0.578064951,4,0,0,0,0,1,1,0,0,0,0,1,0,0,0,0,0,0,0,1,1,1,0,3,1,1
714,2,120,713,2007,2012,2010,2012,3,5,3,3,6,2,0.142964577,2,1,0,0,0,0,34,0,1,0,0,0,0,0,0,0,0,1,0,0,0,0,0,1,1,0
715,2,151,714,2002,#N/A,2005,2005,3,3,3,4,1,1,0.582301566,0,1,0,0,0,0,29,0,0,0,0,0,0,0,0,0,1,0,0,0,0,1,0,7,1,1
716,29,69,715,2003,2009,2007,2007,4,4,3,4,4,1,0.190414667,0,0,0,0,1,0,23,0,0,0,0,0,0,0,0,0,1,0,0,0,0,0,1,2,1,0
717,2,146,716,2006,2011,2010,2010,4,4,7,7,3,1,0.01997564,1,1,0,0,0,0,25,0,0,0,0,0,0,0,0,0,1,1,0,0,0,0,0,1,0,0
718,2,147,717,2004,#N/A,2006,2010,2,6,6,8,17,4,0.489096033,3,1,0,0,0,0,30,0,0,0,0,0,0,0,0,0,1,1,0,1,1,1,0,2,1,1
719,23,111,718,2009,#N/A,2010,2012,1,2,1,4,9,2,0.120222067,3,0,1,0,0,0,19,0,0,1,0,0,0,0,0,0,0,0,0,1,0,0,0,2,0,1
720,2,144,719,2005,#N/A,2006,2008,1,3,3,4,10,3,0.681862021,0,1,0,0,0,0,19,0,0,1,0,0,0,0,0,0,0,0,0,1,1,1,0,4,1,1
721,29,69,720,2006,2010,2008,2008,1,1,7,7,3,1,0.042133137,1,0,0,0,1,0,34,0,1,0,0,0,0,0,0,0,0,0,0,1,0,0,0,1,0,0
722,23,111,721,2007,#N/A,2010,2010,3,3,3,4,5,1,0.05696129,2,0,1,0,0,0,12,0,0,0,0,0,1,0,0,0,0,0,0,1,0,0,0,2,1,1
723,33,99,722,2004,2012,2010,2010,5,5,3,8,6,1,0.042133137,2,0,0,0,0,1,1,0,0,0,0,1,0,0,0,0,0,0,0,1,0,0,0,2,0,0
724,23,111,723,2006,#N/A,2006,2010,0,3,2,5,16,3,0.381062347,3,0,1,0,0,0,1,0,0,0,0,1,0,0,0,0,0,1,0,1,1,0,0,2,1,1
725,2,144,724,2009,#N/A,2009,2009,0,0,0,4,9,1,0.023068369,2,1,0,0,0,0,1,0,0,0,0,1,0,0,0,0,0,0,0,1,0,0,0,6,1,1
726,2,144,725,2009,#N/A,2009,2011,0,2,0,3,12,2,0.328104658,2,1,0,0,0,0,31,1,0,0,0,0,0,0,0,0,0,0,0,1,1,0,0,1,1,1
727,2,151,726,2003,#N/A,2006,2006,3,3,4,4,4,1,0.423428499,1,1,0,0,0,0,28,0,0,0,0,0,0,0,0,0,1,0,0,0,1,0,0,3,1,1